user_id,difficulty,correct,response_time
user_000,1,1,71.57791333635868
user_000,1,1,72.2343669069244
user_000,1,1,85.8551934986301
user_000,1,1,167.14375509705118
user_000,1,1,88.74054640742993
user_000,1,1,107.94400674571857
user_000,1,0,98.2806278993626
user_000,1,1,91.61905936533512
user_000,1,0,121.13660878694733
user_000,1,0,74.83103749193384
user_000,2,1,202.44862177861293
user_000,2,1,104.42923160875829
user_000,2,0,149.1889925476682
user_000,2,1,77.20017391950157
user_000,2,1,113.98626739307836
user_000,2,1,58.97535252659284
user_000,2,0,231.85645694142673
user_000,2,1,59.77129424796358
user_000,2,0,86.95321635014673
user_000,2,1,131.65581108217907
user_000,3,1,202.05148455430214
user_000,3,1,118.92650803211568
user_000,3,1,175.13560327577864
user_000,3,1,119.93979861997387
user_000,3,0,193.19280589035898
user_000,3,1,261.0079431364375
user_000,3,0,185.15050607861556
user_000,3,0,152.5134840924056
user_000,3,0,166.77086653083038
user_000,3,1,191.55561031364482
user_001,1,1,132.03786386529626
user_001,1,0,98.20233138786841
user_001,1,1,153.72891617870525
user_001,1,0,66.64525221829123
user_001,1,1,171.3794920392713
user_001,1,0,87.14252854483563
user_001,1,0,101.13105707717699
user_001,1,1,101.53547771193082
user_001,1,1,77.44409643917484
user_001,1,0,114.17741499321504
user_001,2,1,186.56472729278357
user_001,2,0,217.64067007948628
user_001,2,0,140.52222482704235
user_001,2,1,122.94615171868007
user_001,2,1,134.85787672599184
user_001,2,0,135.70745943591916
user_001,2,0,168.7038852897904
user_001,2,0,171.42511051083142
user_001,2,0,233.03767723659269
user_001,2,0,121.00994283090564
user_001,3,0,202.53665432312906
user_001,3,1,172.75373296019902
user_001,3,1,169.84256889544503
user_001,3,0,174.92074983964628
user_001,3,1,219.01351297342825
user_001,3,1,147.78601751542607
user_001,3,0,203.62867794755618
user_001,3,0,206.70578499730152
user_001,3,1,163.22500693234343
user_001,3,1,150.3363975689829
user_002,1,1,136.39804534160643
user_002,1,1,51.570748633500735
user_002,1,1,70.42599181594457
user_002,1,1,81.50583249116086
user_002,1,1,99.04011922651164
user_002,1,1,98.77811646166353
user_002,1,1,81.55503736153919
user_002,1,1,118.57501977370607
user_002,1,1,115.81318348741789
user_002,1,1,79.55171959663312
user_002,2,1,158.48160447389964
user_002,2,0,106.23187095837726
user_002,2,1,112.63936973672078
user_002,2,0,173.4931637055106
user_002,2,0,128.46350429450237
user_002,2,1,121.78211560360243
user_002,2,1,105.25619301740406
user_002,2,0,81.60903760977583
user_002,2,1,174.52371947315692
user_002,2,1,169.6182679884471
user_002,3,0,170.6461959269305
user_002,3,1,217.37357942498463
user_002,3,0,264.73317473368866
user_002,3,1,196.8478070696809
user_002,3,0,201.60758756225755
user_002,3,1,167.62118261771863
user_002,3,0,144.59646887429759
user_002,3,0,127.17052543004137
user_002,3,1,118.67554488057068
user_002,3,0,164.76565034597053
user_003,1,1,127.6910054232711
user_003,1,0,56.094345110089414
user_003,1,0,98.69633898104195
user_003,1,0,101.63870027372938
user_003,1,1,81.52088720091342
user_003,1,1,109.49222799783959
user_003,1,1,132.74708515473318
user_003,1,1,44.18368229556186
user_003,1,0,132.55842246129478
user_003,1,1,116.73791476107553
user_003,2,0,88.92517544266146
user_003,2,0,146.41880805663297
user_003,2,1,124.93032894936457
user_003,2,0,98.99788014687283
user_003,2,1,141.62280101368506
user_003,2,1,117.51799885673263
user_003,2,1,88.68375620534923
user_003,2,1,153.6652188471553
user_003,2,1,120.44150258402253
user_003,2,0,144.08996969069284
user_003,3,0,142.49415466121172
user_003,3,0,223.21816990614778
user_003,3,1,114.35551160266819
user_003,3,0,145.27483600351044
user_003,3,0,169.16948166727306
user_003,3,0,106.69007164156451
user_003,3,0,206.9520370928112
user_003,3,0,158.31725329440386
user_003,3,1,108.13580429187988
user_003,3,0,169.8344024569597
user_004,1,0,63.18408397565728
user_004,1,1,46.142261029965816
user_004,1,1,96.80376303995558
user_004,1,1,121.30964028728339
user_004,1,0,127.79090769326129
user_004,1,1,52.90650466960714
user_004,1,1,80.65890466615839
user_004,1,0,127.13684610956143
user_004,1,1,161.67149579957032
user_004,1,0,52.07411694137209
user_004,2,1,128.86506691108514
user_004,2,0,162.9426240681749
user_004,2,1,94.81559733438397
user_004,2,0,163.68755692234603
user_004,2,0,181.6572644797173
user_004,2,0,80.98913081204806
user_004,2,0,113.50346087754502
user_004,2,0,153.11184735941978
user_004,2,1,102.14918149809894
user_004,2,0,178.9513730672431
user_004,3,0,127.98440348371462
user_004,3,0,168.2880503273787
user_004,3,0,183.0179653216724
user_004,3,1,123.13001306898744
user_004,3,0,169.44458052729783
user_004,3,1,123.32049593658662
user_004,3,0,145.4419082912704
user_004,3,1,91.43942163347593
user_004,3,1,155.88281236187112
user_004,3,0,149.7407930426804
user_005,1,1,107.57399805218756
user_005,1,1,92.29170884393207
user_005,1,0,78.77040332818531
user_005,1,1,85.85198752577759
user_005,1,1,63.695021156861635
user_005,1,0,113.41746070707954
user_005,1,0,66.3983407782785
user_005,1,1,77.96784023536821
user_005,1,1,134.88483552144714
user_005,1,0,83.17768976583666
user_005,2,1,109.73077084323664
user_005,2,1,122.08039670267162
user_005,2,0,168.9972647161628
user_005,2,0,108.24399495839903
user_005,2,0,108.16554174490503
user_005,2,1,88.4136307132494
user_005,2,0,137.41408511506268
user_005,2,0,167.920917861086
user_005,2,0,104.5609714600776
user_005,2,0,147.45974371217815
user_005,3,0,160.61581547919113
user_005,3,0,186.50192677169835
user_005,3,1,106.85997819324068
user_005,3,0,141.0355836679497
user_005,3,0,189.62555215811722
user_005,3,1,112.64805973040094
user_005,3,1,103.45039924275906
user_005,3,1,92.36065861134784
user_005,3,1,116.37355395358375
user_005,3,0,135.54042442854822
user_006,1,0,121.90769215068114
user_006,1,1,71.5121712478556
user_006,1,1,112.41643497070916
user_006,1,1,93.22793796923106
user_006,1,1,72.0609873996409
user_006,1,0,107.59946296131177
user_006,1,1,96.63027497014244
user_006,1,1,94.36653677993269
user_006,1,1,62.20858544258616
user_006,1,1,140.99075948631122
user_006,2,1,205.81385503578178
user_006,2,1,186.29295893093234
user_006,2,1,122.57413065560763
user_006,2,1,116.46486385714071
user_006,2,0,197.76234549081727
user_006,2,1,68.83681454452635
user_006,2,0,122.7914838642472
user_006,2,1,102.17539246156309
user_006,2,1,204.41295769287277
user_006,2,0,194.04906941581953
user_006,3,0,183.35726754099642
user_006,3,0,220.92213565604965
user_006,3,1,188.943145772655
user_006,3,1,138.8534676327909
user_006,3,0,212.40024255976044
user_006,3,0,160.45999826472834
user_006,3,1,144.34816734005506
user_006,3,0,228.47858939535948
user_006,3,0,143.30880984633848
user_006,3,0,223.38110975337844
user_007,1,1,100.02479692259605
user_007,1,0,60.142098530482585
user_007,1,0,87.04856106175109
user_007,1,1,73.07593549671226
user_007,1,1,101.63084007566673
user_007,1,0,122.91557355353626
user_007,1,1,56.16883837054445
user_007,1,1,72.79987804688659
user_007,1,1,136.24657493820618
user_007,1,0,92.87823244229203
user_007,2,1,169.7467914890942
user_007,2,0,199.5138238161005
user_007,2,1,124.05191113764057
user_007,2,1,95.79324324303771
user_007,2,0,76.274808633263
user_007,2,1,186.52703617924124
user_007,2,0,147.74469034722375
user_007,2,0,114.26554741482204
user_007,2,0,150.71388658269018
user_007,2,1,115.5424989155864
user_007,3,1,221.7906908723126
user_007,3,1,170.91243588044742
user_007,3,0,131.38158628158808
user_007,3,1,208.05904641571956
user_007,3,1,120.41544852179155
user_007,3,0,131.31017679969924
user_007,3,0,241.18520424905535
user_007,3,0,241.43496546041126
user_007,3,1,238.4092292885599
user_007,3,1,133.79993897460753
user_008,1,0,50.404304444432796
user_008,1,0,97.43405429769706
user_008,1,1,70.30028651050678
user_008,1,1,97.53536407987654
user_008,1,1,80.26864684061448
user_008,1,1,98.36303858647877
user_008,1,1,120.12511425114737
user_008,1,1,88.8582854946867
user_008,1,1,115.96731202462315
user_008,1,0,103.82341719928488
user_008,2,0,116.25484146742342
user_008,2,0,93.8232891379381
user_008,2,0,202.16474505972448
user_008,2,0,158.96037638622258
user_008,2,0,142.21971602510885
user_008,2,0,97.70143441318912
user_008,2,0,114.06966584872441
user_008,2,1,187.93359819594528
user_008,2,1,126.03591562328339
user_008,2,1,141.27748127228742
user_008,3,0,239.46474200598388
user_008,3,0,163.6984384688217
user_008,3,1,138.7976326053208
user_008,3,0,108.09904873201599
user_008,3,0,67.01670586531453
user_008,3,0,177.07568470127725
user_008,3,1,177.73078323551783
user_008,3,0,294.64065798600325
user_008,3,0,199.23581519505532
user_008,3,1,137.50965425747378
user_009,1,0,68.05931077075704
user_009,1,1,71.64567478015012
user_009,1,1,83.53661918385646
user_009,1,1,70.93503358674542
user_009,1,1,78.590223537392
user_009,1,1,47.65146680371015
user_009,1,1,138.13148802658685
user_009,1,1,101.15702757351131
user_009,1,1,83.61483955102813
user_009,1,0,59.52006965655672
user_009,2,1,85.0519508265481
user_009,2,0,87.57862220822554
user_009,2,1,205.46456447139354
user_009,2,1,130.62181139545612
user_009,2,1,130.1952117194453
user_009,2,0,112.7690560408935
user_009,2,0,145.83714491007666
user_009,2,0,122.53205638016054
user_009,2,1,157.20557528334766
user_009,2,0,73.20814080490635
user_009,3,0,135.8965236871274
user_009,3,1,178.03189712036243
user_009,3,0,138.90066983158675
user_009,3,0,96.94818317800386
user_009,3,0,188.43973796675553
user_009,3,1,249.10511212120036
user_009,3,0,119.27847259151643
user_009,3,0,123.60105243236758
user_009,3,0,152.0378752396521
user_009,3,1,234.61805077145493
user_010,1,1,74.44254838666843
user_010,1,0,76.41794470929366
user_010,1,1,78.05235945297662
user_010,1,1,120.55754544001425
user_010,1,0,125.2591759305418
user_010,1,1,53.10506348851269
user_010,1,1,83.79455331307862
user_010,1,1,184.2032502835402
user_010,1,0,92.48869640929561
user_010,1,1,70.446845890049
user_010,2,0,216.21002320562633
user_010,2,1,113.93850151278829
user_010,2,0,80.46753826695263
user_010,2,1,169.75373038104425
user_010,2,1,89.58404358079433
user_010,2,0,143.5146204480791
user_010,2,0,138.49855005605804
user_010,2,0,117.51640560014032
user_010,2,1,64.51792368163383
user_010,2,1,164.17106445618995
user_010,3,0,98.85818798983235
user_010,3,0,210.72409208271486
user_010,3,0,124.1929653022367
user_010,3,0,283.156324522823
user_010,3,0,171.3242187675376
user_010,3,0,165.38470892534096
user_010,3,1,153.91160793791522
user_010,3,0,145.93039210853803
user_010,3,0,223.59546783341722
user_010,3,0,154.61103408308597
user_011,1,0,110.67854761993968
user_011,1,1,90.41365669613536
user_011,1,1,111.65292984317566
user_011,1,0,119.65925908275392
user_011,1,1,93.16886914384115
user_011,1,0,89.14841564567759
user_011,1,0,96.29101358077016
user_011,1,0,95.38429211049257
user_011,1,0,102.37911414632379
user_011,1,0,58.173318853301566
user_011,2,1,121.62795940723237
user_011,2,0,110.4761638982028
user_011,2,0,123.83429417358056
user_011,2,1,165.2485016633846
user_011,2,1,207.5058970807731
user_011,2,1,94.40019434732594
user_011,2,1,84.92095653401618
user_011,2,1,119.88528308472974
user_011,2,0,123.45208229407135
user_011,2,1,86.31233249504581
user_011,3,0,173.03630067034047
user_011,3,0,184.3662550708048
user_011,3,0,123.99716575034675
user_011,3,1,151.9239330597182
user_011,3,0,195.86416691010655
user_011,3,1,136.96851894705443
user_011,3,0,122.24039716137405
user_011,3,0,119.81414892280793
user_011,3,1,155.4351676783719
user_011,3,0,115.896572866682
user_012,1,1,127.82361557082136
user_012,1,1,112.22027240242106
user_012,1,1,129.54273578719045
user_012,1,1,152.47404693642483
user_012,1,1,79.31201194519276
user_012,1,1,91.50296528181866
user_012,1,1,115.07105663497298
user_012,1,1,111.41816220919385
user_012,1,1,102.5289368051128
user_012,1,0,121.47254541354062
user_012,2,1,143.9962534216268
user_012,2,1,202.96646981242301
user_012,2,0,140.1216169109301
user_012,2,0,162.64429851782077
user_012,2,1,106.86907746068692
user_012,2,1,172.1358978940509
user_012,2,0,94.02677257319723
user_012,2,0,126.1120053078388
user_012,2,1,124.68021708266318
user_012,2,1,179.09922992278038
user_012,3,1,149.2516429795684
user_012,3,0,203.86777486234303
user_012,3,1,168.2497411366415
user_012,3,1,209.19160272732032
user_012,3,1,190.54797586198677
user_012,3,0,140.95348979268624
user_012,3,1,95.31211176837179
user_012,3,1,148.94587639820884
user_012,3,1,150.55624646863097
user_012,3,0,239.86480418281351
user_013,1,1,85.70566261680574
user_013,1,1,93.80741367501714
user_013,1,1,94.76136765168403
user_013,1,0,108.78986650209335
user_013,1,1,96.52950067014201
user_013,1,1,136.80967280099858
user_013,1,0,110.3687206661973
user_013,1,0,69.87364731924701
user_013,1,1,77.55864851506303
user_013,1,0,99.04949998576964
user_013,2,0,142.4567603225863
user_013,2,0,96.28922402080907
user_013,2,1,134.5985097509353
user_013,2,1,204.14704991775105
user_013,2,0,112.2159673553613
user_013,2,0,91.18884521140734
user_013,2,1,181.36240860703558
user_013,2,0,108.60950344578039
user_013,2,0,155.72734106895786
user_013,2,1,163.61129730582996
user_013,3,0,244.16916954048236
user_013,3,1,232.5002081146357
user_013,3,0,155.7856638895883
user_013,3,1,206.08271342218848
user_013,3,0,317.051468142764
user_013,3,0,179.99589414135485
user_013,3,0,199.62164841320276
user_013,3,0,128.3714884984277
user_013,3,0,219.24232430886073
user_013,3,0,150.4283484343162
user_014,1,1,74.56782481609373
user_014,1,0,74.5561684562885
user_014,1,0,63.729353540613836
user_014,1,0,82.6955389193176
user_014,1,0,45.893180342323525
user_014,1,1,56.51167060789612
user_014,1,0,67.65565705404337
user_014,1,0,171.34146456538062
user_014,1,1,50.74233385649047
user_014,1,0,103.68011222331369
user_014,2,1,141.88246371216354
user_014,2,1,102.88546406782997
user_014,2,0,122.01127310143164
user_014,2,1,140.32565213433395
user_014,2,1,104.69965213780237
user_014,2,0,166.50295084120597
user_014,2,0,190.43420137138466
user_014,2,1,121.37034575381142
user_014,2,0,92.1992258789831
user_014,2,1,141.23132119414493
user_014,3,0,153.14647448228556
user_014,3,0,301.0107288087222
user_014,3,0,174.7765160463514
user_014,3,0,186.36967231381487
user_014,3,0,195.594570419736
user_014,3,1,172.68221011850662
user_014,3,0,141.49900918025602
user_014,3,0,130.8851633608552
user_014,3,1,194.64752634509142
user_014,3,0,171.59625233785476
user_015,1,1,85.97273072994862
user_015,1,1,83.91021790362305
user_015,1,1,82.24853832718182
user_015,1,1,101.4813077914919
user_015,1,1,56.65603240757958
user_015,1,1,60.91972919096066
user_015,1,1,62.32565520178749
user_015,1,0,80.17106213027202
user_015,1,1,92.25016018047512
user_015,1,1,92.11521678236882
user_015,2,1,122.08071694538435
user_015,2,1,125.82533517902124
user_015,2,0,87.9843436941708
user_015,2,0,117.91444941468933
user_015,2,0,98.62155498711279
user_015,2,1,122.44681099710532
user_015,2,1,78.93065401075434
user_015,2,0,113.31859373612794
user_015,2,0,208.10367781474557
user_015,2,1,151.11100826997722
user_015,3,1,164.62855504963628
user_015,3,1,180.13690767775404
user_015,3,0,142.27451462491314
user_015,3,1,176.74547999368525
user_015,3,0,74.16330514912534
user_015,3,1,108.10875062525807
user_015,3,0,137.19372414788535
user_015,3,1,210.0327542348566
user_015,3,0,137.29871285798475
user_015,3,0,138.661724315076
user_016,1,1,65.06526516656757
user_016,1,0,82.87758010876942
user_016,1,1,144.2746512274009
user_016,1,0,99.01106929242073
user_016,1,0,70.70504554971295
user_016,1,1,113.06336456009885
user_016,1,0,101.88604377626389
user_016,1,0,101.0540297097586
user_016,1,0,72.96093850992203
user_016,1,0,135.7378332125801
user_016,2,1,80.90203453214761
user_016,2,1,159.5892512575053
user_016,2,0,178.17520597469138
user_016,2,0,75.94293235269983
user_016,2,0,124.59598795114263
user_016,2,0,96.13187501367591
user_016,2,1,118.78605275620843
user_016,2,0,54.2384033942508
user_016,2,0,152.67783215488845
user_016,2,0,160.1375504687317
user_016,3,0,284.8316759801262
user_016,3,0,162.40433262350774
user_016,3,0,238.50641018689652
user_016,3,1,162.98816814451826
user_016,3,1,313.5291900285449
user_016,3,1,206.59823109094023
user_016,3,0,180.9579504275787
user_016,3,0,133.03570497814226
user_016,3,0,232.41137974999344
user_016,3,0,199.87910590422268
user_017,1,0,85.49069455468641
user_017,1,1,124.18359694688223
user_017,1,0,141.60103462955973
user_017,1,1,120.67536344882656
user_017,1,1,119.7890008210397
user_017,1,0,88.78909486982283
user_017,1,1,119.13694467215707
user_017,1,0,45.372987925190294
user_017,1,0,130.75521186626213
user_017,1,1,107.01296322784287
user_017,2,0,145.75667455666203
user_017,2,0,103.0816930178404
user_017,2,1,122.3247976186789
user_017,2,1,131.09683713582348
user_017,2,0,87.33795913806522
user_017,2,0,90.83425486734174
user_017,2,1,145.0875445894026
user_017,2,1,164.3872889243957
user_017,2,0,194.4220769556973
user_017,2,0,96.91115015744175
user_017,3,0,283.4797772626709
user_017,3,0,160.86138469909753
user_017,3,0,136.1827400106997
user_017,3,1,95.82866185072528
user_017,3,1,211.89771969177266
user_017,3,1,167.23417592367142
user_017,3,1,283.84067609972806
user_017,3,1,134.05287832755974
user_017,3,1,231.494081499347
user_017,3,1,158.76162848784338
user_018,1,1,68.39409774842075
user_018,1,1,98.60333475591294
user_018,1,1,41.49060043145254
user_018,1,0,80.23274568533601
user_018,1,1,124.88949256047563
user_018,1,0,94.20300125214537
user_018,1,0,59.62147419563229
user_018,1,1,51.76306822632573
user_018,1,0,110.67885329722074
user_018,1,1,104.53723189493768
user_018,2,0,166.8837145191649
user_018,2,0,191.6109882911798
user_018,2,1,124.38600307558919
user_018,2,1,91.50301229571019
user_018,2,0,141.19677076304984
user_018,2,1,241.68457641756768
user_018,2,1,118.41976049771277
user_018,2,0,122.36865602188028
user_018,2,0,104.60716441912676
user_018,2,0,154.77467052835428
user_018,3,0,225.6159700412631
user_018,3,1,140.44310219049066
user_018,3,0,118.20873988303887
user_018,3,0,77.40225451822343
user_018,3,1,176.2538006979104
user_018,3,1,127.51896421953519
user_018,3,1,106.6094752338845
user_018,3,0,146.30696507980272
user_018,3,1,170.13659884790005
user_018,3,1,126.01714979616372
user_019,1,0,142.105322982326
user_019,1,0,70.5928692665644
user_019,1,1,118.84276985772463
user_019,1,1,112.80493037663818
user_019,1,0,79.77894178937876
user_019,1,0,115.11280141942004
user_019,1,0,95.67577198544959
user_019,1,0,114.87013225071887
user_019,1,1,98.7961093562062
user_019,1,0,61.40353506395836
user_019,2,0,77.17901350729154
user_019,2,0,219.86637714178704
user_019,2,0,83.36471710301961
user_019,2,0,137.96556302513164
user_019,2,1,112.99451535792474
user_019,2,1,127.05253567453657
user_019,2,0,183.9982179725293
user_019,2,0,126.29013776802209
user_019,2,1,175.83766653278417
user_019,2,0,212.46095771791272
user_019,3,0,207.87248847448328
user_019,3,0,134.5435862418728
user_019,3,0,168.1164399075879
user_019,3,0,218.23210731600142
user_019,3,0,173.96871628214788
user_019,3,0,137.11213657712008
user_019,3,0,255.78630583466276
user_019,3,1,158.9660906094671
user_019,3,0,237.08434172113672
user_019,3,1,168.4849119031248
user_020,1,1,82.204422840466
user_020,1,1,78.20120807276676
user_020,1,1,174.5747003742768
user_020,1,0,61.44132913240822
user_020,1,1,101.15864755775785
user_020,1,1,93.85402855746288
user_020,1,0,103.76035470157686
user_020,1,1,58.26181967226205
user_020,1,1,109.71219432733544
user_020,1,1,63.015127652377096
user_020,2,1,194.88549735377106
user_020,2,1,90.25303322705045
user_020,2,1,118.9702271588531
user_020,2,1,120.56564248774069
user_020,2,0,162.9446362463925
user_020,2,1,182.91488588828813
user_020,2,1,151.9406808288442
user_020,2,0,135.93793861597376
user_020,2,1,198.2115478447581
user_020,2,0,198.02476698573903
user_020,3,1,194.50801118908052
user_020,3,1,205.96015819851814
user_020,3,1,160.33712035284518
user_020,3,1,322.86094355610555
user_020,3,1,139.57356584219494
user_020,3,1,186.45964145568215
user_020,3,0,255.43771267977743
user_020,3,0,263.6266756526692
user_020,3,0,184.93789013593803
user_020,3,1,168.0831049571874
user_021,1,1,84.03748514014683
user_021,1,1,69.48682746549872
user_021,1,1,57.35917088203667
user_021,1,1,69.49873882797836
user_021,1,0,73.99437717717434
user_021,1,0,137.53414850676026
user_021,1,0,121.75394519823867
user_021,1,0,81.93714168622232
user_021,1,1,170.55692539337784
user_021,1,1,120.38717292564735
user_021,2,1,91.65167228012632
user_021,2,1,86.4934436544931
user_021,2,0,160.51759083829765
user_021,2,0,159.50574971734565
user_021,2,0,112.66924108312121
user_021,2,0,120.81467542072099
user_021,2,1,91.4258913106571
user_021,2,0,101.01891325949595
user_021,2,0,148.14016241920842
user_021,2,1,85.93311404233228
user_021,3,0,129.41558982385948
user_021,3,0,106.38697174298704
user_021,3,0,200.38110968798875
user_021,3,0,160.73996550420333
user_021,3,0,142.95748835897328
user_021,3,1,220.42355450454454
user_021,3,0,111.21503722815011
user_021,3,0,199.28365019801052
user_021,3,0,115.41632137891838
user_021,3,1,146.48355418031636
user_022,1,0,93.85472747279991
user_022,1,0,49.117955977163405
user_022,1,0,144.0829181260754
user_022,1,1,108.44262065030817
user_022,1,1,71.53217617526353
user_022,1,1,88.89384140674224
user_022,1,1,90.2656499296814
user_022,1,1,56.29510948462575
user_022,1,1,98.89305558352376
user_022,1,1,118.33906888605283
user_022,2,0,157.8860107257605
user_022,2,1,138.08294293003846
user_022,2,1,215.66730668534
user_022,2,1,342.35872108087653
user_022,2,0,230.54673661706883
user_022,2,0,114.62814904344427
user_022,2,0,137.90407549078728
user_022,2,1,114.2831668564263
user_022,2,0,156.7376390203546
user_022,2,1,155.72425919579413
user_022,3,0,164.02181079251415
user_022,3,0,107.95497973724537
user_022,3,1,185.9268332304273
user_022,3,0,132.77007709802248
user_022,3,0,201.93724335904008
user_022,3,0,292.717554755351
user_022,3,0,85.4786047942303
user_022,3,0,243.79734327838744
user_022,3,0,180.9615286942518
user_022,3,0,124.4679036530911
user_023,1,0,134.66937184719072
user_023,1,1,58.71916082565477
user_023,1,1,85.5430765467507
user_023,1,0,86.81853456777291
user_023,1,0,104.288703538594
user_023,1,0,52.61651444905097
user_023,1,0,68.05762154763583
user_023,1,1,62.98819833867036
user_023,1,0,63.978798370910404
user_023,1,1,58.603003204613
user_023,2,0,90.03192010975178
user_023,2,1,87.41691077182008
user_023,2,1,134.10068342179343
user_023,2,0,159.7541986609711
user_023,2,0,88.55472858729668
user_023,2,1,91.03015064158697
user_023,2,0,130.12161594681854
user_023,2,1,135.29526979818385
user_023,2,0,82.76023919330638
user_023,2,0,51.29698944123967
user_023,3,0,129.97110546351632
user_023,3,0,125.52653917023034
user_023,3,1,200.34183753253402
user_023,3,1,111.91401649754697
user_023,3,0,81.44653739028833
user_023,3,0,133.64236023024142
user_023,3,0,137.96350794051486
user_023,3,0,148.4990569233538
user_023,3,1,157.17519952793342
user_023,3,0,235.29893816672816
user_024,1,1,149.50792245970766
user_024,1,0,96.1126654513246
user_024,1,1,101.88268979003877
user_024,1,0,113.04520453055767
user_024,1,1,124.87599400969911
user_024,1,1,104.80840813088955
user_024,1,1,131.63215283183447
user_024,1,1,97.89913342390162
user_024,1,0,100.23606298339426
user_024,1,0,110.03040052394893
user_024,2,0,133.7014013382771
user_024,2,1,103.59997697158825
user_024,2,0,258.89091977961516
user_024,2,0,130.71981954560835
user_024,2,0,200.28079565719668
user_024,2,0,244.9558465829895
user_024,2,1,185.24220116836605
user_024,2,0,151.4715194032431
user_024,2,1,183.7693942205192
user_024,2,0,233.0433598703426
user_024,3,1,350.9644163935473
user_024,3,1,150.47197392926162
user_024,3,0,367.7637291931584
user_024,3,1,455.1016143664893
user_024,3,0,235.51043096670998
user_024,3,1,256.3615700605137
user_024,3,1,226.7528177885613
user_024,3,1,147.5412796844905
user_024,3,0,198.86762097344953
user_024,3,0,223.35194421688672
user_025,1,1,73.46939793189604
user_025,1,1,116.64853482680607
user_025,1,1,65.24396123479771
user_025,1,0,80.59450981332279
user_025,1,1,77.18628123098185
user_025,1,1,71.69056173770547
user_025,1,1,95.68778899877947
user_025,1,1,99.60699115123943
user_025,1,1,33.36203233766285
user_025,1,1,73.98734025029741
user_025,2,0,87.72707886632264
user_025,2,0,107.76101076676184
user_025,2,1,161.86395520709505
user_025,2,0,95.76228904123153
user_025,2,0,121.40524300199739
user_025,2,1,86.1455398538043
user_025,2,0,100.3021022133811
user_025,2,0,101.41739277074481
user_025,2,0,98.0514724025619
user_025,2,0,135.10234579288837
user_025,3,0,114.66924089539937
user_025,3,1,167.49735079071323
user_025,3,0,274.8622196297076
user_025,3,0,169.31715575381077
user_025,3,0,117.88011144815539
user_025,3,1,183.59059120220994
user_025,3,0,180.29691774186853
user_025,3,1,207.8310663854952
user_025,3,1,145.72777607156823
user_025,3,0,182.72397270669515
user_026,1,1,78.13608758494104
user_026,1,1,76.33921458187183
user_026,1,0,114.15660231559296
user_026,1,1,52.51631575448308
user_026,1,1,110.0031617120198
user_026,1,0,202.4705007866942
user_026,1,0,87.72711957181224
user_026,1,1,119.78953527826442
user_026,1,0,97.28581336130117
user_026,1,0,165.8103854945376
user_026,2,1,146.64893939525325
user_026,2,1,98.09033121658602
user_026,2,0,48.4378386511062
user_026,2,0,90.00493582348717
user_026,2,1,87.07725933353453
user_026,2,1,117.30177012268211
user_026,2,0,93.26766465068849
user_026,2,0,103.57819924044037
user_026,2,0,182.3698009304162
user_026,2,0,194.28702189244854
user_026,3,1,132.66411237019204
user_026,3,0,181.7094749236833
user_026,3,0,144.1765154858766
user_026,3,0,112.88034667064825
user_026,3,1,208.2165377233521
user_026,3,0,162.28116083959134
user_026,3,0,145.3992870540636
user_026,3,1,196.26337543912223
user_026,3,0,126.53408061103211
user_026,3,0,102.4636808567704
user_027,1,1,114.2025859815174
user_027,1,1,131.0132992059141
user_027,1,1,52.7950654146558
user_027,1,1,126.53252582375313
user_027,1,0,152.30174499850295
user_027,1,1,87.164062671014
user_027,1,1,112.91844529251195
user_027,1,0,92.01778169267155
user_027,1,1,114.83324157715651
user_027,1,1,88.76235644530296
user_027,2,1,154.22065532509416
user_027,2,1,82.56157061296813
user_027,2,1,105.46138983759748
user_027,2,0,144.171949590688
user_027,2,0,106.3181550653044
user_027,2,0,133.14924682498793
user_027,2,1,222.55624976720793
user_027,2,0,83.4658769939781
user_027,2,1,120.63357832973449
user_027,2,0,115.54384562455989
user_027,3,0,221.25029978387153
user_027,3,0,225.07252827977857
user_027,3,0,235.42501042700678
user_027,3,1,150.62398378999714
user_027,3,0,115.74664871254959
user_027,3,0,152.4837767176834
user_027,3,1,165.58538538745512
user_027,3,0,203.76161335988593
user_027,3,1,201.14947913712118
user_027,3,1,196.07895451367784
user_028,1,0,119.90421109001967
user_028,1,0,99.3119553960664
user_028,1,1,71.26537008158544
user_028,1,0,96.14927398820278
user_028,1,1,110.33613036957549
user_028,1,0,122.10333660544573
user_028,1,1,95.5543868593495
user_028,1,1,93.29172815437823
user_028,1,1,89.2191438798844
user_028,1,0,104.91786528635006
user_028,2,1,195.0250733362999
user_028,2,0,166.6045595453278
user_028,2,0,173.16405536908655
user_028,2,0,85.58185035744863
user_028,2,1,137.9175334473758
user_028,2,0,153.6127673818878
user_028,2,0,198.67690469317589
user_028,2,1,121.84058674590989
user_028,2,1,73.66509130045998
user_028,2,1,117.40585234841303
user_028,3,1,140.62638262371698
user_028,3,0,121.43079609303368
user_028,3,1,142.75058420330808
user_028,3,0,158.3920991906687
user_028,3,0,179.4741071669865
user_028,3,1,181.26684705780917
user_028,3,1,154.23661498049768
user_028,3,1,172.9800593655199
user_028,3,0,200.43435902609366
user_028,3,0,141.12220437699713
user_029,1,1,67.3216046515351
user_029,1,1,102.71765732721273
user_029,1,0,113.8257762905889
user_029,1,0,55.16767757289159
user_029,1,1,59.80894735836507
user_029,1,0,133.21442253832254
user_029,1,1,89.78281879367944
user_029,1,1,121.30840581010395
user_029,1,0,140.52953050695874
user_029,1,1,120.58238243841168
user_029,2,0,116.84962272789312
user_029,2,1,226.0297750752726
user_029,2,1,126.92955798333304
user_029,2,0,111.31103287639466
user_029,2,0,101.67537603767384
user_029,2,0,142.19155876475796
user_029,2,0,184.40963909999044
user_029,2,1,60.12948597228283
user_029,2,1,98.55627003828643
user_029,2,0,110.32873457713087
user_029,3,1,210.2429370881198
user_029,3,0,250.71440652715168
user_029,3,1,262.9358051372125
user_029,3,1,227.20931076231554
user_029,3,1,159.09615365652587
user_029,3,1,177.28948833555694
user_029,3,0,249.8794728912827
user_029,3,0,147.61208267367428
user_029,3,0,217.9848198882092
user_029,3,0,152.90861515567175
user_030,1,1,107.45211246692288
user_030,1,0,87.27288841897749
user_030,1,1,51.16417588329719
user_030,1,0,85.81416318522021
user_030,1,0,66.60701147610642
user_030,1,0,61.909158670620556
user_030,1,1,112.22114566930557
user_030,1,1,66.13171650732444
user_030,1,0,146.3526646501479
user_030,1,0,71.26247091725612
user_030,2,0,119.38952766642112
user_030,2,1,230.17181583423294
user_030,2,1,101.66468197866578
user_030,2,1,202.59873139685357
user_030,2,0,114.29935167098526
user_030,2,1,234.8742087389156
user_030,2,1,179.2334911814215
user_030,2,1,128.3755272420517
user_030,2,0,137.07991344939074
user_030,2,0,148.2386048218644
user_030,3,0,190.7792383211229
user_030,3,0,247.87722044876756
user_030,3,0,364.79999666893167
user_030,3,0,173.94564464276272
user_030,3,0,222.98425235739583
user_030,3,0,213.01679378367803
user_030,3,0,168.81214439285856
user_030,3,0,145.92227215133127
user_030,3,0,195.8756285605533
user_030,3,0,111.4904407358021
user_031,1,1,83.56022515520556
user_031,1,1,89.34267082091131
user_031,1,1,116.42669050764525
user_031,1,1,111.31076243719745
user_031,1,0,100.07535001578876
user_031,1,0,136.3565278083984
user_031,1,0,95.44091184339028
user_031,1,1,130.42164613705614
user_031,1,1,90.37958609461376
user_031,1,1,53.48936470704569
user_031,2,1,130.0656004378385
user_031,2,1,159.6589505695703
user_031,2,1,173.97965271006245
user_031,2,0,83.17294882812082
user_031,2,0,84.42014849525431
user_031,2,1,130.08565348816316
user_031,2,1,114.07864414091762
user_031,2,1,191.93006039708462
user_031,2,1,97.31057635315901
user_031,2,1,218.00078086842052
user_031,3,0,165.968972962396
user_031,3,1,105.55439087190751
user_031,3,0,144.08474028997188
user_031,3,0,106.10545439966685
user_031,3,1,108.54480440922468
user_031,3,1,226.46774147643586
user_031,3,0,159.1165016234892
user_031,3,0,210.46993185392867
user_031,3,0,280.9938638452468
user_031,3,1,109.85328478925558
user_032,1,1,111.41645245975221
user_032,1,1,76.25767239632827
user_032,1,1,65.31529538651964
user_032,1,0,63.2122970777977
user_032,1,0,43.696798445941845
user_032,1,0,69.8354760769271
user_032,1,1,107.10512853041303
user_032,1,0,112.17267412968786
user_032,1,0,60.7513474814983
user_032,1,1,110.72375739740366
user_032,2,1,122.11410614233903
user_032,2,0,100.45218007063993
user_032,2,0,191.5190305485737
user_032,2,1,129.54403596762344
user_032,2,0,142.0436342966609
user_032,2,1,105.60194703060309
user_032,2,1,182.24784100896065
user_032,2,0,114.5019796930672
user_032,2,1,100.5515001052026
user_032,2,0,90.29860981491105
user_032,3,0,261.00841418270255
user_032,3,0,116.96849501799512
user_032,3,0,186.03682458471616
user_032,3,0,98.53642015697768
user_032,3,1,87.44135356857923
user_032,3,1,105.04952360884705
user_032,3,0,105.11052709080958
user_032,3,0,131.8550107923331
user_032,3,0,222.97518982501302
user_032,3,0,198.75918544082901
user_033,1,1,188.32539489203847
user_033,1,1,114.09693463121928
user_033,1,0,90.24166266515192
user_033,1,0,108.03967889613699
user_033,1,1,79.16086101855736
user_033,1,1,83.24484888679133
user_033,1,0,97.04510672689281
user_033,1,1,109.17819342842569
user_033,1,1,97.93034235773438
user_033,1,1,124.94296565020811
user_033,2,0,114.6551383652735
user_033,2,0,122.81363931034578
user_033,2,1,142.27829282958857
user_033,2,0,140.08626342915133
user_033,2,1,104.17232622573815
user_033,2,0,141.77468888249638
user_033,2,0,188.1049485153794
user_033,2,0,140.88967588894008
user_033,2,1,89.40000300593427
user_033,2,0,115.33159324719055
user_033,3,0,259.83241023880873
user_033,3,0,228.51627388013068
user_033,3,0,239.5740223862098
user_033,3,0,126.01205042849503
user_033,3,0,167.90044168427053
user_033,3,0,198.15667658567835
user_033,3,1,159.97682919382473
user_033,3,0,156.07619870350516
user_033,3,0,123.88452385645203
user_033,3,0,124.5881433582044
user_034,1,1,91.74588848935905
user_034,1,1,123.07708509331131
user_034,1,1,108.25606041702882
user_034,1,1,151.31537293299093
user_034,1,1,115.06578285408514
user_034,1,1,210.4558850456831
user_034,1,0,118.78531422355829
user_034,1,1,76.21572779195027
user_034,1,0,79.03126745634296
user_034,1,1,84.76520966753996
user_034,2,1,140.51608487586208
user_034,2,0,142.15228065801892
user_034,2,1,104.36521475512005
user_034,2,0,130.50365666652038
user_034,2,1,114.15104666112114
user_034,2,0,209.92782358388908
user_034,2,1,146.05376054350884
user_034,2,1,159.02144011064576
user_034,2,0,158.36268403649106
user_034,2,0,123.23615388288931
user_034,3,0,322.9757870166871
user_034,3,0,209.91644322265708
user_034,3,0,170.36625096368073
user_034,3,1,223.44781177771733
user_034,3,1,131.43234570909374
user_034,3,0,221.6862879840164
user_034,3,1,182.5186770569449
user_034,3,0,167.36718653947165
user_034,3,1,162.00936385524057
user_034,3,1,293.36603983837267
user_035,1,1,74.56010173889264
user_035,1,0,149.8105273085819
user_035,1,0,64.51545744441452
user_035,1,1,64.42242705472637
user_035,1,0,141.99126753994884
user_035,1,1,106.30055524908693
user_035,1,1,87.4011824051431
user_035,1,1,80.37638511470163
user_035,1,0,135.31182289424234
user_035,1,1,115.20753747586448
user_035,2,1,105.04519439687299
user_035,2,0,105.07341735149707
user_035,2,1,200.6255084996163
user_035,2,0,101.23828633741725
user_035,2,1,106.4772623974019
user_035,2,1,199.5303858732138
user_035,2,0,130.9303359399292
user_035,2,1,113.98303556549484
user_035,2,0,161.85591126949558
user_035,2,0,154.57539664259227
user_035,3,0,176.95957193261012
user_035,3,0,116.38623394635674
user_035,3,0,198.91783934358804
user_035,3,1,220.4553402096732
user_035,3,1,196.5277735185062
user_035,3,0,166.609971883396
user_035,3,0,219.01507787887508
user_035,3,0,172.40303749369718
user_035,3,1,133.15427058597786
user_035,3,1,154.0103642389161
user_036,1,1,86.28460554770177
user_036,1,1,113.149346902003
user_036,1,0,122.25741901977021
user_036,1,1,85.27691604503914
user_036,1,0,89.33617646674152
user_036,1,1,75.03468387654841
user_036,1,1,52.52359259506463
user_036,1,1,63.5810649144964
user_036,1,1,84.52337209570386
user_036,1,1,87.87398307361562
user_036,2,1,121.62029087826221
user_036,2,0,85.30143104042503
user_036,2,0,141.50497230353807
user_036,2,0,65.30763603839046
user_036,2,0,163.15726916669263
user_036,2,1,146.4781589846189
user_036,2,0,118.57257536034764
user_036,2,0,95.27651725914791
user_036,2,0,93.83787497944965
user_036,2,1,125.89822670079553
user_036,3,1,120.67856065109551
user_036,3,0,258.484482058957
user_036,3,1,251.91014581161215
user_036,3,1,211.10479423709785
user_036,3,0,246.4516239299041
user_036,3,1,257.6793700084874
user_036,3,1,158.79040583006343
user_036,3,0,180.0549980228452
user_036,3,0,177.19836077823328
user_036,3,1,261.373139772807
user_037,1,0,105.68387862510968
user_037,1,1,110.0508598574451
user_037,1,1,117.56063614002615
user_037,1,1,75.32335807961026
user_037,1,1,95.12960614065581
user_037,1,1,123.05985816760261
user_037,1,0,132.0421184716699
user_037,1,0,114.72398194616574
user_037,1,0,75.74136758423343
user_037,1,0,67.07055387636629
user_037,2,0,114.07421318338208
user_037,2,0,169.95904662561608
user_037,2,0,73.27664012643564
user_037,2,0,86.62156433869487
user_037,2,1,89.383286546171
user_037,2,1,154.0012268077775
user_037,2,1,127.98292816622704
user_037,2,0,68.40971488947235
user_037,2,0,224.37686672703498
user_037,2,1,135.77318501649182
user_037,3,0,96.54018597606658
user_037,3,0,175.84771980291865
user_037,3,0,362.06524569388995
user_037,3,0,139.7379908944978
user_037,3,1,283.8396559182764
user_037,3,0,200.74876388298426
user_037,3,0,281.1526465114834
user_037,3,0,130.3344184155964
user_037,3,1,179.663376875778
user_037,3,0,248.627873464875
user_038,1,1,152.44161265235013
user_038,1,0,102.19734332118067
user_038,1,0,84.87220454248397
user_038,1,0,113.38296148416681
user_038,1,1,90.35889894470994
user_038,1,0,91.50653531417251
user_038,1,1,84.67813883180845
user_038,1,0,80.44711450772203
user_038,1,0,140.0295705429374
user_038,1,1,48.64724431222902
user_038,2,1,126.49499994772587
user_038,2,0,100.16187671484988
user_038,2,1,114.25415743594951
user_038,2,1,161.27074900233086
user_038,2,0,146.7535333658419
user_038,2,1,165.04067669045176
user_038,2,1,113.49065579271544
user_038,2,0,100.61136470460819
user_038,2,0,101.18486105010358
user_038,2,1,87.11762144824881
user_038,3,1,144.3478104141668
user_038,3,0,157.66221150204748
user_038,3,0,170.39248952838523
user_038,3,1,134.84729522643707
user_038,3,0,268.5365298562188
user_038,3,0,237.86354623983638
user_038,3,0,200.14825364941123
user_038,3,0,81.96067564910884
user_038,3,0,149.1040385660456
user_038,3,1,132.03537052746867
user_039,1,1,65.92127223586662
user_039,1,1,94.17955027084346
user_039,1,0,61.67067308755904
user_039,1,0,71.16046573338014
user_039,1,0,81.71972021804945
user_039,1,0,66.53357144860327
user_039,1,1,121.85632074957599
user_039,1,0,157.75215452248682
user_039,1,1,128.0241952761475
user_039,1,1,75.15581820805173
user_039,2,1,120.91325041547769
user_039,2,1,79.09640349969273
user_039,2,0,141.0229373623603
user_039,2,0,63.01968925661277
user_039,2,0,77.03323488135219
user_039,2,0,136.16798039566606
user_039,2,1,150.35069604864358
user_039,2,1,97.72937249896394
user_039,2,0,127.3999274109662
user_039,2,1,66.99798771932174
user_039,3,0,239.00351583079046
user_039,3,0,104.09382686977776
user_039,3,0,282.58654716275356
user_039,3,0,274.99248607318583
user_039,3,0,225.75182887470342
user_039,3,1,175.48007341279222
user_039,3,0,180.0253038368503
user_039,3,0,134.11190890963823
user_039,3,0,117.16911684324928
user_039,3,0,182.5517197491893
user_040,1,1,147.3115930574296
user_040,1,1,102.17494293743948
user_040,1,1,57.48238338775373
user_040,1,0,116.8893718012611
user_040,1,1,46.7358387970453
user_040,1,1,112.36564071043598
user_040,1,1,163.6768960385372
user_040,1,1,134.90249201104012
user_040,1,1,93.56903122362233
user_040,1,1,94.47987827466429
user_040,2,1,241.87116029813882
user_040,2,0,96.45905717716887
user_040,2,1,247.92048341594582
user_040,2,1,117.74509416908472
user_040,2,1,274.47708823563215
user_040,2,1,72.67754989603645
user_040,2,0,101.71935831875389
user_040,2,1,106.09753130162518
user_040,2,1,71.68272844817984
user_040,2,0,185.77660790070857
user_040,3,1,190.64767356192192
user_040,3,0,147.3904978950444
user_040,3,1,172.120637872577
user_040,3,0,313.2184805391396
user_040,3,1,146.48347776904038
user_040,3,0,190.35170056909706
user_040,3,1,228.70944475577807
user_040,3,0,238.61356821065712
user_040,3,0,242.72471633884004
user_040,3,1,202.01983414104546
user_041,1,1,78.08788813892544
user_041,1,0,59.36393024915663
user_041,1,0,61.72052000828398
user_041,1,0,116.85312668763375
user_041,1,1,79.74029829340746
user_041,1,1,96.05335030774349
user_041,1,0,80.4147175114
user_041,1,1,108.81773888018753
user_041,1,1,118.04695008642334
user_041,1,0,56.45700282788886
user_041,2,1,157.6699884814388
user_041,2,1,124.75089211233363
user_041,2,0,104.46614033167494
user_041,2,1,120.0646417580133
user_041,2,0,149.4610287510469
user_041,2,0,152.33795817248168
user_041,2,1,138.2570932721413
user_041,2,0,104.83052771738856
user_041,2,0,66.5337464779198
user_041,2,0,127.40158266887744
user_041,3,0,219.71905637554394
user_041,3,1,125.96154450350612
user_041,3,0,155.3441186629977
user_041,3,0,133.222881872195
user_041,3,1,107.3104912209201
user_041,3,0,158.47764363987267
user_041,3,0,122.99233480871318
user_041,3,1,185.32674284287913
user_041,3,0,235.30019640802593
user_041,3,1,177.1345185331828
user_042,1,1,67.20130203565233
user_042,1,0,95.33560686929415
user_042,1,1,94.58761896983958
user_042,1,0,98.57529839584
user_042,1,1,138.9181233466053
user_042,1,1,68.61316098115121
user_042,1,1,101.47511200804409
user_042,1,0,77.42058339337682
user_042,1,1,59.17378239620022
user_042,1,1,135.5685568750478
user_042,2,1,154.57944589012664
user_042,2,1,144.7164488925055
user_042,2,0,92.83850085300645
user_042,2,1,102.05133597776143
user_042,2,0,106.77705697947061
user_042,2,0,103.50271545934426
user_042,2,1,146.23733836725992
user_042,2,1,137.62628190190682
user_042,2,1,118.47955357833493
user_042,2,1,182.77055065611552
user_042,3,0,175.77102010790944
user_042,3,0,182.46945427276086
user_042,3,0,225.50660485975865
user_042,3,1,124.71605524071622
user_042,3,0,114.7028021566132
user_042,3,1,181.6554749452015
user_042,3,1,188.79551816010982
user_042,3,0,152.31101484915345
user_042,3,1,190.44839778127397
user_042,3,1,182.75464313853496
user_043,1,1,69.24599738355442
user_043,1,1,84.55256123395549
user_043,1,1,83.37098379264393
user_043,1,0,94.27304515540165
user_043,1,1,61.86370954209058
user_043,1,1,88.64046578982318
user_043,1,1,73.38289406464126
user_043,1,0,113.57744935038389
user_043,1,1,109.91412644758799
user_043,1,1,173.7152356789022
user_043,2,0,194.12948710713894
user_043,2,0,121.5297931370318
user_043,2,0,106.69804997097424
user_043,2,0,136.21706358251242
user_043,2,1,251.70620758290224
user_043,2,0,159.08593298037945
user_043,2,0,108.363043497409
user_043,2,1,147.63278710509883
user_043,2,0,206.61686287462996
user_043,2,1,115.12968305849593
user_043,3,1,176.10438174744132
user_043,3,1,419.3622790255912
user_043,3,0,182.89526033655716
user_043,3,0,134.41474258576233
user_043,3,1,125.65828351079944
user_043,3,1,156.11620059061903
user_043,3,0,172.080246350288
user_043,3,0,190.10136548388795
user_043,3,1,193.8107102719149
user_043,3,0,142.28895704905048
user_044,1,1,65.84713920950958
user_044,1,0,136.52710193567904
user_044,1,1,76.81644144140122
user_044,1,0,128.68929844235936
user_044,1,1,110.16725767198568
user_044,1,1,137.42303389658878
user_044,1,1,109.96887276804269
user_044,1,0,58.59715078551515
user_044,1,1,115.30170533510129
user_044,1,1,104.26472449117301
user_044,2,0,216.96359683961217
user_044,2,1,225.601069301776
user_044,2,1,139.17698615800222
user_044,2,0,109.76509217537264
user_044,2,1,93.21565541549518
user_044,2,0,93.86532080007011
user_044,2,1,209.36544693049083
user_044,2,0,145.28570166649766
user_044,2,0,175.96515343097082
user_044,2,0,114.19180510703595
user_044,3,0,192.29727018905808
user_044,3,0,182.5034655728618
user_044,3,0,100.1756350241126
user_044,3,0,199.2339065823796
user_044,3,0,196.16794047205929
user_044,3,0,183.13833956963643
user_044,3,1,217.8990348866298
user_044,3,0,196.60458134865604
user_044,3,0,242.4771840770475
user_044,3,1,145.51692437747795
user_045,1,0,101.75451438004563
user_045,1,0,192.91242857894483
user_045,1,0,160.08180005214672
user_045,1,1,48.55435983274732
user_045,1,0,99.92836665215475
user_045,1,1,90.21396868829974
user_045,1,1,98.13756645314689
user_045,1,0,129.0433239255458
user_045,1,1,107.07665029188696
user_045,1,1,148.7024552229893
user_045,2,0,93.19236918936701
user_045,2,1,128.95250498601462
user_045,2,1,210.68824086735282
user_045,2,1,95.43468874657403
user_045,2,0,103.08648256328591
user_045,2,1,143.6328189912595
user_045,2,0,125.02079492194866
user_045,2,1,127.55220347930864
user_045,2,0,171.1667491934352
user_045,2,0,155.23618869046535
user_045,3,1,188.3188258985865
user_045,3,0,167.5926271834996
user_045,3,0,149.3208031893623
user_045,3,0,141.13409651615973
user_045,3,0,197.47762755412663
user_045,3,0,355.4168786710481
user_045,3,1,162.6279311812295
user_045,3,0,269.15176147181415
user_045,3,0,205.33056017340982
user_045,3,0,216.44978545130976
user_046,1,0,124.1272895400486
user_046,1,0,70.0998325199986
user_046,1,1,142.837318653001
user_046,1,0,94.8298968659317
user_046,1,1,104.10742577091767
user_046,1,1,103.43553059196779
user_046,1,0,114.28518811780324
user_046,1,1,92.84353547997986
user_046,1,0,124.83676190630385
user_046,1,0,89.18368172774753
user_046,2,0,150.84568609722396
user_046,2,1,145.24698769847257
user_046,2,1,161.29477954891132
user_046,2,1,97.92213152918906
user_046,2,1,141.36817901943581
user_046,2,0,155.08244329930145
user_046,2,1,79.38060158887701
user_046,2,1,101.86917513830608
user_046,2,1,100.44094809127422
user_046,2,0,118.25260510639892
user_046,3,0,167.6227704604367
user_046,3,0,158.11293519173046
user_046,3,0,191.6400254458495
user_046,3,0,163.8426550969116
user_046,3,0,193.1006107068702
user_046,3,0,276.46371612687557
user_046,3,0,158.6499653653671
user_046,3,1,181.40096955677978
user_046,3,0,135.59417863298037
user_046,3,0,199.52612374518284
user_047,1,1,89.03228034339259
user_047,1,0,65.97682632795848
user_047,1,1,47.04859914039014
user_047,1,1,88.74653614500333
user_047,1,0,79.84878484317578
user_047,1,1,61.981095035463625
user_047,1,1,108.8057745352086
user_047,1,1,90.55990040372586
user_047,1,1,80.29005290080657
user_047,1,1,110.79136592749306
user_047,2,0,95.42951364658546
user_047,2,1,109.94173688595009
user_047,2,1,180.0609900638362
user_047,2,1,127.28376905052824
user_047,2,0,151.00570853969498
user_047,2,1,149.80361826443863
user_047,2,1,189.91585678728453
user_047,2,0,144.5913233780079
user_047,2,1,87.27739965502087
user_047,2,0,141.96415632638895
user_047,3,0,190.24243321606147
user_047,3,1,190.44694795519456
user_047,3,0,202.04674008968644
user_047,3,1,163.8661626991148
user_047,3,1,117.42835420436649
user_047,3,0,226.91603951243602
user_047,3,0,184.8499805766553
user_047,3,1,161.90980369227088
user_047,3,1,296.10441536415317
user_047,3,0,121.08206103903075
user_048,1,1,87.9284547528932
user_048,1,1,108.96330784331634
user_048,1,1,84.85740423832385
user_048,1,1,86.58981845222931
user_048,1,1,81.8765150423419
user_048,1,1,61.135085708724276
user_048,1,1,138.24494190400958
user_048,1,1,63.73493651406503
user_048,1,0,78.82558245561955
user_048,1,1,68.8414582738716
user_048,2,0,98.54134187350765
user_048,2,1,135.43983568986468
user_048,2,0,139.81940777703352
user_048,2,0,175.4996871887989
user_048,2,1,107.27206583781343
user_048,2,0,103.00454962718757
user_048,2,0,94.4903199849571
user_048,2,1,125.66433549979148
user_048,2,1,106.00955154091362
user_048,2,0,151.46545400685258
user_048,3,0,139.37448193813077
user_048,3,0,173.5975915122637
user_048,3,0,161.9235120400702
user_048,3,0,90.8782167428622
user_048,3,0,225.13388016717448
user_048,3,0,250.30774575648948
user_048,3,1,137.97748199456842
user_048,3,0,149.68369049315365
user_048,3,0,156.1003075430908
user_048,3,1,197.7271664251235
user_049,1,1,129.68610513202367
user_049,1,1,102.0952982751478
user_049,1,0,118.32516901225932
user_049,1,0,67.58576506257418
user_049,1,1,91.02429026021576
user_049,1,1,86.33487030635222
user_049,1,0,70.55116256656567
user_049,1,1,118.33736693749071
user_049,1,0,162.6853834300911
user_049,1,0,111.5513002140048
user_049,2,0,147.92292812439243
user_049,2,0,116.62652429676982
user_049,2,0,86.14815009259613
user_049,2,1,120.73381931896881
user_049,2,0,75.73001324449824
user_049,2,0,206.40103368206726
user_049,2,0,109.93900766138354
user_049,2,1,88.65441449294714
user_049,2,0,89.78170345229447
user_049,2,0,132.8933847292134
user_049,3,0,183.70730793907046
user_049,3,1,143.4515028199001
user_049,3,0,163.2969135805081
user_049,3,0,218.16889598848937
user_049,3,1,152.2133729685166
user_049,3,0,134.96494275575515
user_049,3,0,118.9984972993532
user_049,3,0,101.41186177884578
user_049,3,1,172.2149415468397
user_049,3,0,153.6803612368473
