user_id,item_id,correct,response_time
user_000,item_061,0,57.36220300165512
user_000,item_092,0,37.76700466101636
user_000,item_097,1,123.00574678949584
user_000,item_091,1,91.75079833364767
user_000,item_041,1,48.74563709484045
user_000,item_083,0,43.92926810217851
user_000,item_006,1,182.78822498311632
user_000,item_052,1,78.41696024327015
user_000,item_001,0,18.60617556156201
user_000,item_085,0,167.72984771102108
user_000,item_094,0,73.01036466126808
user_000,item_050,1,111.34780313610858
user_000,item_003,0,55.36908359488112
user_000,item_014,1,54.28927042662239
user_000,item_042,0,64.15561596958565
user_000,item_077,0,32.11547549763981
user_000,item_038,1,53.12729552859603
user_000,item_019,0,42.137290001168346
user_000,item_008,1,105.88157635515158
user_000,item_013,1,59.72452483408165
user_000,item_039,1,32.412292158122355
user_000,item_018,0,142.6571906129328
user_000,item_089,1,34.988017920316494
user_000,item_064,1,28.693243777951302
user_000,item_043,0,22.058499835683055
user_000,item_093,1,13.049483120336241
user_000,item_051,1,29.914992931265378
user_000,item_022,0,114.9754164797017
user_000,item_037,1,48.40102075404583
user_000,item_099,1,14.068207332135351
user_001,item_061,0,81.60891733617852
user_001,item_096,0,144.40019380248282
user_001,item_075,1,247.82052351356435
user_001,item_095,1,25.039694632620964
user_001,item_057,1,17.96933159344678
user_001,item_059,0,87.68610003052682
user_001,item_026,0,484.08704522438376
user_001,item_086,1,27.11345818114207
user_001,item_071,1,15.888344359543224
user_001,item_089,1,70.22401243465545
user_001,item_070,0,14.474726458748048
user_001,item_053,0,369.49661777230097
user_001,item_029,1,79.14389798578043
user_001,item_068,1,47.48469531781555
user_001,item_011,1,135.26244727298712
user_001,item_034,0,122.54315150788265
user_001,item_092,1,53.16626042854043
user_001,item_031,1,55.337361120290005
user_001,item_028,1,85.41839207805761
user_001,item_004,0,121.60954724152863
user_001,item_094,0,58.97110748257516
user_001,item_054,0,105.27249624427077
user_001,item_066,0,57.415131688628364
user_001,item_067,0,14.466297679654655
user_001,item_008,0,165.47859838507313
user_001,item_030,0,185.43413769809794
user_001,item_023,1,171.13447032742042
user_001,item_010,0,61.49299630600765
user_001,item_081,1,57.06616699841686
user_001,item_015,1,59.29996582614528
user_002,item_068,1,88.90088426126376
user_002,item_015,0,45.621375926318386
user_002,item_070,1,36.60764696599536
user_002,item_090,0,89.88122941170352
user_002,item_038,1,197.82608778074922
user_002,item_047,1,477.6402798706556
user_002,item_066,1,65.0582191961564
user_002,item_016,1,75.18208719168183
user_002,item_023,1,158.35882238554592
user_002,item_031,1,48.053253002666985
user_002,item_058,0,176.52866310159837
user_002,item_060,1,69.60859041348313
user_002,item_002,1,52.398100691351644
user_002,item_006,1,121.66773713483941
user_002,item_053,0,101.20253820989548
user_002,item_074,1,33.95846008554088
user_002,item_041,1,69.53292823539536
user_002,item_036,1,265.614097546619
user_002,item_020,1,530.0995212312856
user_002,item_088,1,352.63816091595874
user_002,item_033,0,54.513088741719294
user_002,item_000,1,101.17552579879121
user_002,item_076,1,100.51024680351759
user_002,item_057,0,70.63664000527497
user_002,item_029,1,154.99991676265503
user_002,item_040,1,44.5611139928298
user_002,item_034,1,232.7586820298211
user_002,item_013,1,50.13924665298781
user_002,item_018,1,109.47334721216602
user_002,item_021,0,159.72396521279865
user_003,item_012,1,44.99054686709093
user_003,item_002,0,77.77341076212151
user_003,item_063,1,33.571689910888416
user_003,item_075,1,139.89818691881732
user_003,item_014,0,33.20696819796559
user_003,item_056,1,24.416229096870282
user_003,item_093,1,24.96645350081812
user_003,item_090,0,41.80967754483862
user_003,item_083,0,25.01985364404734
user_003,item_082,1,30.81256424432333
user_003,item_027,1,38.84198438919084
user_003,item_041,1,12.879927717943604
user_003,item_078,1,26.588350570164277
user_003,item_085,1,131.95587314888016
user_003,item_007,1,12.807316999383616
user_003,item_030,0,80.38636411345551
user_003,item_065,0,68.10020556435788
user_003,item_026,1,121.154606529194
user_003,item_092,1,82.64623348717383
user_003,item_058,0,123.81341862560646
user_003,item_072,0,44.5596644263743
user_003,item_044,1,72.68099566447984
user_003,item_040,1,73.07330499204097
user_003,item_049,0,11.65351233245398
user_003,item_062,1,21.07871118335882
user_003,item_096,1,111.64533654716932
user_003,item_050,1,92.22771304832953
user_003,item_020,1,76.46425662179605
user_003,item_017,1,156.35987231074682
user_003,item_005,1,17.5951122300455
user_004,item_025,0,17.281831933141813
user_004,item_063,0,11.550578161674133
user_004,item_016,0,24.162883786420807
user_004,item_075,1,87.92717251646955
user_004,item_035,0,255.2414354375482
user_004,item_027,0,84.92050655330742
user_004,item_053,1,44.96611173952274
user_004,item_034,1,36.680873612832876
user_004,item_067,0,28.52255705536523
user_004,item_049,0,21.220213098437
user_004,item_022,1,26.062993674957756
user_004,item_076,0,34.53446417837701
user_004,item_062,1,29.796501972511063
user_004,item_050,1,82.01071424695876
user_004,item_091,1,5.778647998318143
user_004,item_070,1,6.625468885133984
user_004,item_082,0,81.82742766338632
user_004,item_058,0,40.3942704522141
user_004,item_047,1,196.06013593027544
user_004,item_098,1,212.68737508628027
user_004,item_018,0,53.13954744907077
user_004,item_020,0,95.74454412305072
user_004,item_021,0,69.03407807648715
user_004,item_026,0,127.5080530105646
user_004,item_007,1,10.065222401718048
user_004,item_078,0,21.16836348768939
user_004,item_077,0,35.36334006549462
user_004,item_006,1,141.67273381767097
user_004,item_092,1,53.06499407345324
user_004,item_001,0,9.579546064539187
user_005,item_007,1,11.760892041304285
user_005,item_042,1,24.541664468874355
user_005,item_047,1,132.0635379733673
user_005,item_017,0,108.0564125118809
user_005,item_061,0,24.445310413323895
user_005,item_072,1,9.864744385932399
user_005,item_048,1,7.511861232117218
user_005,item_008,0,255.66530467605165
user_005,item_053,0,70.76495842564557
user_005,item_086,1,19.09972887096518
user_005,item_043,0,35.818874098899336
user_005,item_024,1,17.300492423871336
user_005,item_090,0,25.664864686212713
user_005,item_088,0,133.73712859226882
user_005,item_000,0,73.78719457717975
user_005,item_030,0,138.03870976060784
user_005,item_037,0,105.11885906219452
user_005,item_065,1,63.58111434389823
user_005,item_018,1,38.79511059403098
user_005,item_057,1,20.418316121938506
user_005,item_058,0,135.11994317477573
user_005,item_004,0,26.972563764979707
user_005,item_015,1,38.53356944660512
user_005,item_039,1,36.48699453905329
user_005,item_020,0,35.21083712018991
user_005,item_023,0,32.60296572217234
user_005,item_098,1,303.8570441522348
user_005,item_044,0,48.82384180185804
user_005,item_002,0,40.26512047308844
user_005,item_026,0,96.77057290663825
user_006,item_042,1,158.34737551960094
user_006,item_015,1,13.476355474952014
user_006,item_010,1,61.37239952064335
user_006,item_016,0,29.615030178113482
user_006,item_008,1,239.53384532789417
user_006,item_048,1,66.3675511875031
user_006,item_076,1,161.14042192699728
user_006,item_004,1,115.4621824214251
user_006,item_022,1,165.39050955793329
user_006,item_041,1,34.12052960174328
user_006,item_035,0,91.86676252037847
user_006,item_038,1,190.55373472741368
user_006,item_089,1,50.61795305877942
user_006,item_099,1,37.75439373078414
user_006,item_026,0,128.58962346574225
user_006,item_093,1,126.41560435987566
user_006,item_000,1,163.04043623229913
user_006,item_033,0,79.61871825613022
user_006,item_066,1,97.49307879744592
user_006,item_058,0,177.87720098205077
user_006,item_072,0,67.43562392825308
user_006,item_065,1,96.95047108719541
user_006,item_067,1,87.55070039700534
user_006,item_056,1,104.951322362447
user_006,item_080,1,232.5221769495377
user_006,item_082,1,100.28225858314953
user_006,item_062,1,201.14888060432614
user_006,item_045,1,79.50193956431436
user_006,item_077,1,53.50491170685543
user_006,item_037,0,414.6489038526164
user_007,item_074,1,110.02519788448626
user_007,item_031,0,60.8284043231671
user_007,item_051,1,175.45816492418172
user_007,item_015,1,49.44204384407574
user_007,item_056,0,46.44494069942253
user_007,item_027,0,90.24830914833605
user_007,item_076,1,77.20300127635404
user_007,item_057,1,21.350649486131843
user_007,item_091,1,101.88435662875041
user_007,item_036,0,56.24341487285704
user_007,item_026,1,70.89482035694404
user_007,item_034,1,47.85351865692426
user_007,item_049,0,25.430342578340607
user_007,item_019,0,18.788890498902575
user_007,item_004,1,31.466490859034124
user_007,item_066,0,96.62300054846978
user_007,item_008,1,392.67800670586627
user_007,item_035,1,303.5960043408662
user_007,item_001,0,41.91238792287105
user_007,item_009,0,17.54177120638918
user_007,item_021,0,57.36589487071456
user_007,item_077,0,40.25381995917817
user_007,item_087,1,47.18348550074023
user_007,item_053,0,74.5022999289909
user_007,item_086,1,50.406656008283605
user_007,item_088,1,206.56030788473254
user_007,item_095,1,62.51029694498168
user_007,item_038,1,529.3044560217523
user_007,item_002,1,92.51180855121525
user_007,item_096,1,250.24004142234168
user_008,item_090,0,83.12043315998918
user_008,item_062,0,45.67512823868437
user_008,item_071,0,8.079385982609848
user_008,item_097,1,100.90819209369144
user_008,item_000,1,38.574785944374334
user_008,item_079,1,11.531700997166771
user_008,item_013,1,28.968909576294273
user_008,item_027,0,33.6913884422138
user_008,item_057,1,33.68809115777513
user_008,item_073,0,29.91490201709795
user_008,item_084,1,71.0161070705489
user_008,item_099,0,7.287924322442019
user_008,item_042,0,125.43333492855973
user_008,item_049,0,30.108569867544702
user_008,item_030,0,107.31917275708398
user_008,item_092,0,39.94320604475195
user_008,item_053,0,109.1999315481955
user_008,item_096,0,156.8666352347007
user_008,item_028,1,71.79639860621198
user_008,item_060,1,10.752244967721593
user_008,item_089,0,25.92645559234886
user_008,item_015,0,49.69257796724022
user_008,item_064,0,16.06788416189443
user_008,item_095,1,82.14951139167478
user_008,item_054,1,43.40401794183273
user_008,item_051,0,84.20910209117613
user_008,item_055,1,31.35345884125057
user_008,item_025,0,31.729565895569397
user_008,item_011,1,75.91002475382852
user_008,item_068,1,28.280921721798624
user_009,item_024,0,25.030100327002263
user_009,item_058,0,84.9420715836989
user_009,item_011,1,54.53721300859444
user_009,item_046,1,11.952517847018136
user_009,item_090,0,109.74890181354095
user_009,item_060,1,18.543092440811332
user_009,item_066,1,33.97211080841902
user_009,item_048,1,16.440596693123087
user_009,item_052,1,28.161622457705786
user_009,item_047,1,109.98348715289099
user_009,item_085,0,67.69166634384545
user_009,item_018,1,58.33289678108089
user_009,item_056,1,64.43926551813074
user_009,item_032,1,74.3944986856045
user_009,item_045,1,88.79913417697139
user_009,item_063,0,14.626723757173732
user_009,item_023,1,47.20928505710022
user_009,item_075,0,96.2641429170172
user_009,item_044,0,45.50253753827537
user_009,item_096,1,315.9688065058731
user_009,item_069,0,29.256690165599814
user_009,item_005,0,90.54545955352819
user_009,item_028,1,70.79160176134134
user_009,item_084,1,65.47199709614719
user_009,item_002,0,29.53549438755499
user_009,item_007,0,8.185548355129335
user_009,item_040,1,34.30822826341425
user_009,item_094,0,12.789918982861375
user_009,item_019,0,17.240701392667482
user_009,item_089,1,21.175490597560525
user_010,item_027,1,92.84139894333912
user_010,item_047,1,301.1425866280406
user_010,item_064,1,36.464317827335535
user_010,item_086,1,108.8788797931886
user_010,item_071,1,32.48396418932028
user_010,item_057,1,24.56121682199226
user_010,item_023,1,256.30033447355237
user_010,item_048,1,67.7620949554397
user_010,item_092,1,45.675250096897514
user_010,item_052,0,138.63230828582974
user_010,item_063,0,46.03440235135421
user_010,item_040,1,230.08026512320222
user_010,item_014,1,37.874123011782615
user_010,item_044,0,110.87801557905341
user_010,item_056,1,100.39033619734325
user_010,item_050,0,248.4398526553741
user_010,item_075,1,283.64314796200495
user_010,item_005,1,68.61013324393852
user_010,item_065,1,128.97052408333494
user_010,item_053,0,177.70439322015676
user_010,item_010,0,73.42338499244073
user_010,item_019,1,40.83734011947271
user_010,item_061,0,124.70767233205675
user_010,item_035,0,385.8998228835503
user_010,item_066,0,68.70691776855739
user_010,item_013,1,54.91584518820536
user_010,item_016,0,11.145565024406263
user_010,item_094,0,47.43906719923015
user_010,item_032,0,84.25825272297612
user_010,item_030,0,206.98299065178364
user_011,item_073,0,68.83063331151244
user_011,item_042,1,217.21992187176266
user_011,item_033,0,46.508130456332715
user_011,item_085,1,406.04290376152284
user_011,item_007,0,16.112494061624115
user_011,item_079,1,18.015094562721245
user_011,item_078,1,62.73701849317292
user_011,item_012,1,169.01073130524574
user_011,item_027,0,84.37068998434079
user_011,item_048,0,12.260959361394434
user_011,item_090,0,111.45917299354566
user_011,item_094,0,58.763389252731244
user_011,item_071,1,22.561274594419785
user_011,item_075,0,133.91683016488105
user_011,item_074,1,81.30363659174826
user_011,item_063,0,18.59161842655172
user_011,item_026,0,277.91442999609916
user_011,item_037,0,197.09014836651855
user_011,item_081,1,49.196886179432376
user_011,item_028,1,90.24200903295235
user_011,item_008,0,239.24335888663063
user_011,item_057,0,58.32789940812369
user_011,item_001,0,31.35169462216799
user_011,item_038,1,139.1271554578762
user_011,item_016,0,23.191281093524914
user_011,item_098,1,414.5422863640039
user_011,item_050,0,153.15154409511467
user_011,item_021,0,155.21005340432717
user_011,item_052,1,58.0281697451197
user_011,item_039,0,75.47384030904567
user_012,item_009,1,12.373684627124973
user_012,item_055,1,39.78761317778396
user_012,item_018,0,104.58022132788601
user_012,item_012,1,117.89113254627152
user_012,item_041,1,97.06576058408993
user_012,item_064,0,76.53641938442101
user_012,item_035,0,377.5849469705487
user_012,item_053,0,438.8993013093961
user_012,item_028,1,63.32025788952859
user_012,item_036,1,522.7707426594723
user_012,item_054,1,88.5381732358931
user_012,item_044,0,91.96921517764945
user_012,item_063,0,91.57597277256778
user_012,item_031,1,44.857592407400865
user_012,item_066,1,160.28379182864055
user_012,item_006,1,724.7615829596632
user_012,item_087,1,109.50669399673247
user_012,item_011,1,226.1080452098936
user_012,item_048,0,56.14475275089703
user_012,item_062,1,407.4654286989372
user_012,item_037,1,80.71864987806914
user_012,item_013,1,45.018731817947845
user_012,item_023,1,85.10653954549153
user_012,item_079,1,63.06647416943488
user_012,item_030,0,288.9035301299462
user_012,item_045,1,359.197983964625
user_012,item_073,0,45.70457652557262
user_012,item_052,1,148.0417728550034
user_012,item_042,1,251.7875410291647
user_012,item_096,0,264.6266952033222
user_013,item_053,0,148.14229020536797
user_013,item_077,0,134.16817376189198
user_013,item_058,0,528.0749676458859
user_013,item_002,0,61.64256597489352
user_013,item_096,0,325.97020395399556
user_013,item_035,0,854.5213044876223
user_013,item_009,0,17.917993918337025
user_013,item_081,0,67.25582316449736
user_013,item_092,0,203.83149576364312
user_013,item_057,0,61.24049379307649
user_013,item_073,0,98.0832785738809
user_013,item_017,0,506.86910572923665
user_013,item_001,0,91.56570903019787
user_013,item_095,0,134.0980883785851
user_013,item_043,0,174.49423464132332
user_013,item_094,0,94.3767046615084
user_013,item_014,0,72.50221332763317
user_013,item_022,1,327.0771405917494
user_013,item_084,0,171.53060638936003
user_013,item_029,0,184.48390505117933
user_013,item_004,0,325.1640317811683
user_013,item_006,0,177.26611710436742
user_013,item_076,0,172.0899250037082
user_013,item_088,0,166.12874882707303
user_013,item_015,0,35.52566270971584
user_013,item_031,0,63.24245892433354
user_013,item_098,1,622.9560181125229
user_013,item_050,0,87.06300161768648
user_013,item_028,1,184.6020086206537
user_013,item_030,0,215.0996237575653
user_014,item_039,0,34.75179634354058
user_014,item_042,0,26.226605336059567
user_014,item_019,0,23.737263342168113
user_014,item_052,0,101.0869765470928
user_014,item_015,0,33.75842470217395
user_014,item_013,1,15.378077925996491
user_014,item_008,0,779.0981826325905
user_014,item_011,0,50.88313782463234
user_014,item_009,0,13.86052648788289
user_014,item_072,0,17.296995207822192
user_014,item_001,0,40.304639914501344
user_014,item_079,0,14.724107363872058
user_014,item_032,0,52.656402232353294
user_014,item_035,0,144.68252373318083
user_014,item_084,0,146.60561943436687
user_014,item_043,0,29.04700674928092
user_014,item_078,0,29.18176040837468
user_014,item_071,0,8.11916267205053
user_014,item_024,0,11.981527919288554
user_014,item_080,0,25.455881821150943
user_014,item_006,1,98.96278521121923
user_014,item_053,0,92.2702756050608
user_014,item_090,0,56.29087314423176
user_014,item_067,0,34.674747035842074
user_014,item_061,0,39.85228897794372
user_014,item_096,0,209.74214354018906
user_014,item_065,0,30.11910249096766
user_014,item_056,0,42.96085167517026
user_014,item_059,1,14.238618189034893
user_014,item_091,1,16.240884668842984
user_015,item_040,0,18.683897352360624
user_015,item_083,0,7.8897054174611885
user_015,item_086,1,36.741689146255304
user_015,item_028,0,28.806568958982574
user_015,item_006,1,80.11510297074318
user_015,item_050,0,51.62859272064358
user_015,item_090,0,23.855558466261467
user_015,item_097,0,49.02929557550813
user_015,item_000,0,29.620277597743986
user_015,item_069,0,13.97102134632151
user_015,item_091,0,27.943927424809953
user_015,item_032,0,26.43148483364505
user_015,item_047,0,89.80797484943947
user_015,item_025,0,17.16656362604041
user_015,item_004,0,33.87415848833556
user_015,item_063,0,9.09616425250068
user_015,item_099,0,23.92428117224249
user_015,item_036,0,45.58285348445418
user_015,item_041,0,29.896314603553666
user_015,item_037,1,77.52614035528532
user_015,item_005,1,50.43744573907231
user_015,item_094,0,23.843958484757845
user_015,item_058,0,99.78505082291274
user_015,item_042,0,46.516704515462244
user_015,item_078,1,31.685391721463873
user_015,item_034,1,16.95023271552324
user_015,item_008,0,196.35986464086616
user_015,item_010,0,36.85490531445289
user_015,item_046,1,9.372308787184549
user_015,item_043,0,45.39643606621746
user_016,item_001,0,43.84392085049619
user_016,item_038,0,177.6172166014067
user_016,item_063,0,34.28322940058761
user_016,item_074,1,55.30123164705494
user_016,item_099,0,38.47221606961674
user_016,item_030,0,146.08789739356737
user_016,item_017,0,58.084540636364395
user_016,item_078,1,61.351679122078146
user_016,item_029,0,60.40446255542191
user_016,item_013,0,60.30802065120745
user_016,item_000,0,20.235122085707502
user_016,item_079,0,34.230130206129026
user_016,item_020,1,114.54498130588068
user_016,item_051,1,333.11964859680353
user_016,item_069,0,32.034025380657006
user_016,item_034,0,50.52324609769343
user_016,item_068,0,30.154863983882603
user_016,item_049,1,16.092620914545794
user_016,item_095,1,110.16446786005274
user_016,item_045,1,133.19638935497755
user_016,item_035,0,177.33051746465094
user_016,item_018,0,70.86420728972219
user_016,item_047,1,370.08881158678906
user_016,item_061,0,57.01306433108923
user_016,item_009,0,24.959860609516547
user_016,item_067,0,33.7899792538467
user_016,item_070,0,20.70851123633619
user_016,item_092,0,103.69761289654622
user_016,item_085,0,301.7156540047289
user_016,item_016,0,12.25803174486267
user_017,item_030,1,84.5013403314983
user_017,item_083,0,23.796340990135416
user_017,item_038,1,67.87758469207992
user_017,item_049,0,13.381358937879035
user_017,item_005,1,41.96694538473605
user_017,item_093,1,13.273989381022522
user_017,item_027,0,40.03011725877441
user_017,item_032,0,31.596070076363187
user_017,item_024,0,35.74444739313877
user_017,item_096,0,82.98099939166815
user_017,item_046,0,12.91412056510209
user_017,item_059,1,42.42325823860719
user_017,item_001,1,10.274809274064086
user_017,item_023,1,43.37252065216424
user_017,item_088,1,48.11533885173846
user_017,item_074,1,25.225995492717693
user_017,item_080,0,13.588613700813518
user_017,item_035,0,85.09786100713389
user_017,item_056,1,44.54768617165911
user_017,item_079,1,13.777528323001704
user_017,item_099,1,37.06638431708183
user_017,item_002,0,40.853083861599785
user_017,item_055,1,15.738762309204729
user_017,item_036,1,80.06775245214807
user_017,item_097,1,57.786796377437994
user_017,item_037,1,101.51030654105523
user_017,item_042,1,35.63947940396361
user_017,item_029,1,28.853465065946395
user_017,item_095,1,57.5401569113656
user_017,item_015,0,17.804454718702612
user_018,item_069,0,57.56716341615082
user_018,item_053,0,36.595072718086755
user_018,item_094,0,109.02874882553868
user_018,item_020,0,99.33356722719637
user_018,item_044,0,32.72298885300637
user_018,item_025,0,36.19332142436658
user_018,item_030,0,306.17858331704844
user_018,item_041,0,25.972206227180763
user_018,item_075,1,412.5575062214788
user_018,item_078,0,65.98902769303751
user_018,item_024,0,10.262069064027653
user_018,item_023,0,219.45882410438128
user_018,item_040,0,34.4960667509838
user_018,item_047,1,264.4924544929016
user_018,item_076,0,84.63646674689767
user_018,item_008,0,151.73247700347477
user_018,item_009,0,12.889043403681995
user_018,item_052,1,143.80595620342356
user_018,item_035,0,54.98022123203639
user_018,item_085,0,335.5483381160241
user_018,item_029,0,73.11229831283538
user_018,item_092,0,102.19435536338192
user_018,item_065,1,54.68707559368988
user_018,item_070,0,40.999220217933036
user_018,item_000,0,63.662814578735336
user_018,item_096,0,168.85239329410072
user_018,item_073,0,43.831385146880535
user_018,item_093,0,11.456605822049019
user_018,item_062,0,85.03781101093254
user_018,item_095,0,38.60353318603244
user_019,item_030,0,118.14618160740739
user_019,item_054,0,37.75342298427582
user_019,item_025,0,82.0110024751908
user_019,item_097,0,55.69239478721211
user_019,item_085,1,316.58376184401055
user_019,item_083,0,59.39877874480254
user_019,item_028,0,61.01610407838744
user_019,item_019,0,95.93632148842225
user_019,item_022,1,88.14164785139438
user_019,item_070,0,30.92242587082206
user_019,item_044,0,86.16026622282318
user_019,item_024,0,92.91484747723804
user_019,item_011,1,104.86814706919094
user_019,item_026,0,169.50421936591783
user_019,item_084,1,120.41111289619934
user_019,item_089,0,25.482031037069834
user_019,item_067,0,46.71017057242366
user_019,item_041,1,43.72339027622805
user_019,item_077,0,70.16744175872385
user_019,item_069,0,113.3769104768464
user_019,item_043,0,132.85998313240313
user_019,item_034,0,19.748697364564404
user_019,item_040,0,130.105414343052
user_019,item_080,0,38.828909429048
user_019,item_029,0,108.94696518210462
user_019,item_079,1,102.52811171122372
user_019,item_016,0,39.77356812829878
user_019,item_004,0,55.62601977672456
user_019,item_082,0,77.03878639137776
user_019,item_087,0,54.69181521415161
user_020,item_086,1,49.91369395639253
user_020,item_084,1,76.99789732180494
user_020,item_054,1,66.79101559395761
user_020,item_080,0,52.44617040057336
user_020,item_092,1,47.05155224047661
user_020,item_083,0,12.793756023299167
user_020,item_049,1,12.588643114525043
user_020,item_020,1,56.54033962385094
user_020,item_033,0,59.31557441379297
user_020,item_038,1,119.73897976936487
user_020,item_037,1,97.63567725513855
user_020,item_000,1,42.05093085286898
user_020,item_079,1,35.568042384002204
user_020,item_009,1,12.884478211371274
user_020,item_099,1,25.908710970192665
user_020,item_036,1,85.90321659934837
user_020,item_060,1,15.645823171397057
user_020,item_022,1,64.38031881237181
user_020,item_004,1,23.269679731290225
user_020,item_032,1,96.15077212407171
user_020,item_098,1,364.36729284829096
user_020,item_051,1,125.51252911885425
user_020,item_085,1,96.61955604745486
user_020,item_043,1,84.14615636377387
user_020,item_023,1,63.859580078619764
user_020,item_081,1,46.25392598640458
user_020,item_008,1,135.3761213261455
user_020,item_093,0,43.95766336288613
user_020,item_066,0,77.5285245310742
user_020,item_034,0,33.08325799651369
user_021,item_046,0,14.309754461674395
user_021,item_097,1,44.61382211447934
user_021,item_016,1,5.829204254320374
user_021,item_080,0,8.944126386581551
user_021,item_051,0,59.36132826928524
user_021,item_049,0,10.245793668654924
user_021,item_082,0,40.91375240851713
user_021,item_025,1,27.202028827387394
user_021,item_035,0,67.16179972578166
user_021,item_036,0,32.24057831261646
user_021,item_006,1,97.70515640842856
user_021,item_000,0,28.135159816793223
user_021,item_062,1,53.43367063444618
user_021,item_061,0,44.510196202425334
user_021,item_050,0,38.51145235251974
user_021,item_005,0,90.62183523900005
user_021,item_063,0,14.19619506360981
user_021,item_008,1,118.91674581593321
user_021,item_039,0,58.00334722474099
user_021,item_070,0,16.05912899056513
user_021,item_038,0,60.23984371145613
user_021,item_069,1,19.7803571810108
user_021,item_041,1,28.437936838120553
user_021,item_044,0,32.01643671306882
user_021,item_085,0,70.75795986479005
user_021,item_021,1,64.10085719469383
user_021,item_045,1,38.524953403613665
user_021,item_092,1,18.60841478898505
user_021,item_099,0,17.970867930668852
user_021,item_065,1,16.726088273682556
user_022,item_083,0,31.90793657666352
user_022,item_000,0,98.64381100709637
user_022,item_051,1,195.26875614078097
user_022,item_044,0,45.35246948066725
user_022,item_002,0,50.468664704406834
user_022,item_076,0,159.7321665663083
user_022,item_077,0,168.95913905321524
user_022,item_060,1,89.22001159592051
user_022,item_033,0,92.83478696446831
user_022,item_032,1,197.61316969663696
user_022,item_053,0,62.607114820702115
user_022,item_087,1,49.45632864223156
user_022,item_089,1,24.46051638645979
user_022,item_028,0,36.94501226852604
user_022,item_082,0,102.17792408225803
user_022,item_036,0,117.80734631417792
user_022,item_029,1,94.07006533055952
user_022,item_013,1,72.1824321612474
user_022,item_095,1,99.10501393219236
user_022,item_091,1,61.089504199624464
user_022,item_005,1,259.67162264455436
user_022,item_004,0,52.86158458477448
user_022,item_074,1,38.76760930521924
user_022,item_094,0,78.59217462418619
user_022,item_073,0,37.73940933031645
user_022,item_080,0,64.09247545489666
user_022,item_007,1,13.998715600203848
user_022,item_071,1,25.49811034293835
user_022,item_042,1,76.92578660134501
user_022,item_088,1,100.81049542160243
user_023,item_028,0,21.45326612602936
user_023,item_030,0,93.38898978841036
user_023,item_006,1,69.08613350393729
user_023,item_024,0,10.055347250732233
user_023,item_070,0,8.7922246033988
user_023,item_044,0,63.53613508514887
user_023,item_047,1,196.71567231415713
user_023,item_080,0,10.918609949884685
user_023,item_019,0,15.25293914273765
user_023,item_059,0,13.405971825606056
user_023,item_043,0,34.45496713661917
user_023,item_077,0,41.07729595564699
user_023,item_057,0,37.73764468574281
user_023,item_052,0,61.67746853884285
user_023,item_004,0,34.53074771707897
user_023,item_058,0,70.17256674808779
user_023,item_033,0,12.703478406447598
user_023,item_075,0,77.43230301278238
user_023,item_066,0,32.723925168534485
user_023,item_054,0,17.60460107068829
user_023,item_009,0,6.473253922748896
user_023,item_060,1,36.51281762233094
user_023,item_002,1,11.038117173722522
user_023,item_001,0,20.668832910787472
user_023,item_068,0,16.57441459925562
user_023,item_013,1,19.00774131663473
user_023,item_086,1,24.420434927711675
user_023,item_029,0,23.587646862783007
user_023,item_038,1,34.94741152545592
user_023,item_096,0,110.51923891371052
user_024,item_010,0,83.90421998545686
user_024,item_055,0,59.98241830343692
user_024,item_008,1,998.8326916610337
user_024,item_073,0,163.1475458144647
user_024,item_027,0,529.6205593107601
user_024,item_032,0,292.94820638826394
user_024,item_065,1,279.20644686404415
user_024,item_064,1,87.01252857233972
user_024,item_040,1,406.7676385297033
user_024,item_097,1,194.60236715623958
user_024,item_028,0,235.59592071872518
user_024,item_036,0,345.5047210625987
user_024,item_001,0,206.62535612110864
user_024,item_084,1,527.2700438774672
user_024,item_011,1,405.99127068538013
user_024,item_009,0,35.35478240802443
user_024,item_029,1,190.29038919709978
user_024,item_094,0,127.10531786496537
user_024,item_039,0,188.2114161831896
user_024,item_024,0,52.6966910788391
user_024,item_091,1,185.24613735184343
user_024,item_082,0,421.0005977559267
user_024,item_038,0,458.1383921275568
user_024,item_047,1,1278.6796477167488
user_024,item_015,0,189.14702113170893
user_024,item_090,0,373.3967948414017
user_024,item_051,1,302.83682427498763
user_024,item_076,1,249.56544594641545
user_024,item_067,0,78.65329125579375
user_024,item_050,1,326.6510821238242
user_025,item_030,0,113.76433568606731
user_025,item_038,1,23.49750495087435
user_025,item_050,1,170.03039796698752
user_025,item_064,1,13.195799285658335
user_025,item_055,0,7.6056767071837585
user_025,item_023,1,21.33615552917219
user_025,item_049,0,41.70859824458174
user_025,item_000,1,42.68120874136502
user_025,item_039,0,26.48839468060455
user_025,item_067,1,19.83165563129062
user_025,item_078,1,15.474462864065192
user_025,item_082,0,50.76270406959594
user_025,item_033,0,40.59229706701651
user_025,item_034,0,17.476799634122425
user_025,item_085,0,142.1716149648712
user_025,item_048,1,56.409848541552726
user_025,item_008,1,280.7070666772121
user_025,item_068,1,24.155073050977023
user_025,item_043,0,17.441406803852445
user_025,item_037,0,101.77466494574743
user_025,item_010,1,38.57568265392368
user_025,item_066,1,31.117733375669452
user_025,item_032,0,67.37754033036326
user_025,item_052,1,32.17045158346624
user_025,item_084,1,57.05352536724208
user_025,item_040,1,53.66665486204474
user_025,item_080,0,76.62486582485171
user_025,item_031,0,21.502064701941553
user_025,item_063,0,72.60673943574386
user_025,item_092,0,36.72877900008387
user_026,item_098,0,275.46872124795584
user_026,item_091,0,19.359069982936596
user_026,item_048,0,14.275579034262181
user_026,item_042,0,137.7014438379215
user_026,item_082,0,74.39831117857416
user_026,item_084,1,48.210222777980356
user_026,item_024,0,28.566157420646718
user_026,item_064,0,24.85414782313777
user_026,item_025,0,32.074096269631184
user_026,item_070,0,6.185484861577757
user_026,item_029,1,66.04877624241227
user_026,item_072,0,13.87529778900107
user_026,item_010,0,27.289985571079807
user_026,item_062,0,44.98924219615145
user_026,item_056,0,38.15928459591123
user_026,item_003,0,37.55646127272723
user_026,item_000,0,62.553579432645634
user_026,item_036,0,147.68165967214742
user_026,item_093,0,65.56707114025676
user_026,item_053,0,148.9877124158818
user_026,item_001,0,18.62461380091281
user_026,item_085,0,190.6584487213397
user_026,item_008,1,477.3520399380749
user_026,item_041,1,59.31042151876711
user_026,item_002,0,131.10127241482564
user_026,item_071,0,18.933538676867848
user_026,item_012,0,50.59184161599851
user_026,item_007,0,30.016941269045528
user_026,item_063,0,36.85795330180948
user_026,item_078,1,65.99977193183635
user_027,item_002,1,94.29046662149622
user_027,item_038,0,191.90024366973273
user_027,item_045,1,72.8325001480471
user_027,item_078,1,51.04730308787547
user_027,item_058,0,105.06107213993918
user_027,item_005,1,100.05254551494704
user_027,item_073,0,28.00640629589595
user_027,item_041,1,37.90966104313793
user_027,item_012,1,98.22089755071644
user_027,item_020,1,160.49879801252942
user_027,item_014,1,60.903478904043226
user_027,item_085,0,431.799270842082
user_027,item_099,0,43.33229849629361
user_027,item_069,1,149.64360543075824
user_027,item_068,1,135.48899115922242
user_027,item_019,1,56.80898842715645
user_027,item_095,1,49.587981678309674
user_027,item_061,1,56.75550993314842
user_027,item_011,1,108.92382560128432
user_027,item_001,1,86.80321303623505
user_027,item_010,0,53.107660619686094
user_027,item_070,1,13.31049686094926
user_027,item_072,1,28.10438199119319
user_027,item_047,1,180.52076447417798
user_027,item_048,1,6.553278278887578
user_027,item_036,0,342.51750527021323
user_027,item_060,0,33.066326645419345
user_027,item_039,1,35.89074902209703
user_027,item_054,1,146.57946371798877
user_027,item_065,0,198.95880471515383
user_028,item_030,0,264.21387531894044
user_028,item_048,0,26.863776988114534
user_028,item_036,0,109.32351952701939
user_028,item_052,1,71.54271018713348
user_028,item_041,1,13.475656181334815
user_028,item_092,0,97.9341971229192
user_028,item_053,0,105.21654718553795
user_028,item_020,1,70.78172066606042
user_028,item_034,1,86.83622645172584
user_028,item_089,1,21.089445877786442
user_028,item_054,1,91.43900624332136
user_028,item_090,0,26.2357132833275
user_028,item_044,0,203.70439553314586
user_028,item_078,1,26.044348881832732
user_028,item_067,0,63.49126208262625
user_028,item_016,0,23.821259779901368
user_028,item_013,1,43.0938671950641
user_028,item_006,0,451.3579150213049
user_028,item_047,1,243.94843240302797
user_028,item_018,1,235.21127941923532
user_028,item_010,0,114.14265148639204
user_028,item_087,1,34.410795917814575
user_028,item_063,0,33.19076610438245
user_028,item_028,1,45.76201342544898
user_028,item_057,0,31.32679511654903
user_028,item_083,0,22.472264963730996
user_028,item_095,1,49.74495217686685
user_028,item_084,1,76.60610560022812
user_028,item_037,0,133.57148624075458
user_028,item_097,0,32.01225415691812
user_029,item_049,0,29.97446974147774
user_029,item_043,1,305.46225140925145
user_029,item_096,0,599.9390860627898
user_029,item_075,1,626.9974557005793
user_029,item_057,0,104.94287941140988
user_029,item_083,0,48.2508147804165
user_029,item_086,1,146.06012272003267
user_029,item_076,0,309.53547588960674
user_029,item_035,0,389.0247924304604
user_029,item_056,0,107.22995966685565
user_029,item_036,0,201.0977703241519
user_029,item_026,0,416.9404391845323
user_029,item_045,1,191.55548506541865
user_029,item_032,1,355.3081446565711
user_029,item_085,0,345.01845665119737
user_029,item_067,0,66.27492603780517
user_029,item_031,1,60.61768756630982
user_029,item_040,1,240.9840187962466
user_029,item_013,1,143.9269733133713
user_029,item_091,1,104.762489460536
user_029,item_063,0,64.24592434856145
user_029,item_089,1,116.95233788503755
user_029,item_021,0,93.52723828105505
user_029,item_073,0,205.65071074414135
user_029,item_006,0,508.68107133033897
user_029,item_050,1,364.73764192031814
user_029,item_037,0,489.2836986842637
user_029,item_023,1,497.4368762924464
user_029,item_027,0,214.27324263037778
user_029,item_042,0,72.63902028145564
user_030,item_041,0,69.8913489340499
user_030,item_017,0,79.78126454539849
user_030,item_089,1,64.72803023599795
user_030,item_048,1,18.13107349035172
user_030,item_076,0,115.4830321654234
user_030,item_080,0,39.82838565026438
user_030,item_083,0,34.728110017629916
user_030,item_050,0,167.2315225181369
user_030,item_032,0,96.17499880238155
user_030,item_068,1,32.56270571217653
user_030,item_011,0,134.84466041533045
user_030,item_071,1,7.8029450962255735
user_030,item_067,0,36.02335472538779
user_030,item_006,0,342.63819260860316
user_030,item_040,1,185.8337948186119
user_030,item_070,1,20.21419369333929
user_030,item_056,0,68.59904332985049
user_030,item_064,1,18.062848096953296
user_030,item_088,0,67.52970161511308
user_030,item_074,0,28.705463946631866
user_030,item_010,0,61.58214315346692
user_030,item_025,0,90.69408993828155
user_030,item_043,1,96.40594872065343
user_030,item_009,0,7.018833857872885
user_030,item_027,0,60.71769658997513
user_030,item_073,0,84.3080427484312
user_030,item_093,1,31.35135335414693
user_030,item_039,0,32.50014608178252
user_030,item_008,1,225.7197773251658
user_030,item_018,1,20.25050841140841
user_031,item_023,1,64.14690397681332
user_031,item_062,1,94.85309815300194
user_031,item_029,1,28.798669909371675
user_031,item_051,1,152.67394337440825
user_031,item_079,1,15.13994205731196
user_031,item_075,1,74.44029776919602
user_031,item_041,1,27.25247181103667
user_031,item_046,0,20.79782235302168
user_031,item_085,1,91.55941252601362
user_031,item_089,1,32.38627910438791
user_031,item_007,1,23.630877569358212
user_031,item_024,1,15.715975048050161
user_031,item_040,1,170.65341317146402
user_031,item_054,1,151.2229067720986
user_031,item_020,1,82.930470641795
user_031,item_072,1,34.62373613516879
user_031,item_094,0,56.355170147062964
user_031,item_003,0,31.350467894338415
user_031,item_050,1,102.28553798849421
user_031,item_097,1,42.68837102360743
user_031,item_082,1,55.04002754244239
user_031,item_027,1,110.30567163584054
user_031,item_084,1,51.882423369304504
user_031,item_019,1,6.154411537883075
user_031,item_080,0,95.89955528767099
user_031,item_071,1,18.074221737603185
user_031,item_008,1,447.39197724690564
user_031,item_036,1,79.22254253259277
user_031,item_010,1,43.809010829286834
user_031,item_068,1,41.692333526151565
user_032,item_065,0,34.24883904248636
user_032,item_046,0,5.415584296208985
user_032,item_094,0,32.65101666862929
user_032,item_031,0,17.914902317280383
user_032,item_073,0,34.44504366329925
user_032,item_092,1,16.469043513690114
user_032,item_091,1,50.81920851624987
user_032,item_076,1,55.313411045331314
user_032,item_088,0,43.56140154990226
user_032,item_082,1,66.99898165220249
user_032,item_026,0,79.47363679531492
user_032,item_004,0,47.36058750795804
user_032,item_010,0,15.217839098291101
user_032,item_054,1,34.569681773110155
user_032,item_052,1,19.439323554739584
user_032,item_037,1,35.886863036188835
user_032,item_056,0,20.617459296280884
user_032,item_006,1,135.84260393103744
user_032,item_007,0,17.346008954277515
user_032,item_097,0,56.79284212063085
user_032,item_096,0,73.63608757543953
user_032,item_038,1,114.00625950649031
user_032,item_030,0,78.25394264732937
user_032,item_017,1,55.25653238017101
user_032,item_021,0,24.729884916962103
user_032,item_003,0,20.84891545396318
user_032,item_055,0,7.620533678327363
user_032,item_085,1,68.51081760535634
user_032,item_034,0,46.340006464467955
user_032,item_086,1,22.396205858316463
user_033,item_037,0,112.00631199980138
user_033,item_097,0,90.59750159998393
user_033,item_062,0,43.768769328614404
user_033,item_020,0,123.46430934145803
user_033,item_016,0,53.885705316750744
user_033,item_076,0,174.84123900400186
user_033,item_045,1,53.47011678690484
user_033,item_005,1,76.64256376689285
user_033,item_013,1,100.80649302340287
user_033,item_082,0,49.55825071680116
user_033,item_086,1,47.379058225210116
user_033,item_069,0,20.062627570973593
user_033,item_091,1,188.02024523817377
user_033,item_019,0,23.751715033612122
user_033,item_058,0,100.25464931612859
user_033,item_049,0,11.897374167385946
user_033,item_014,1,56.05618381410961
user_033,item_008,0,323.5253225435468
user_033,item_094,0,148.74725372931582
user_033,item_067,0,91.63156803808693
user_033,item_064,0,102.6956945279906
user_033,item_006,1,334.81307527739926
user_033,item_099,0,21.953833653903047
user_033,item_061,0,53.82194466018298
user_033,item_084,1,68.95008220046878
user_033,item_021,0,44.39777718337873
user_033,item_055,0,84.73202040925449
user_033,item_038,1,299.468502840475
user_033,item_042,0,126.0332717557955
user_033,item_027,0,51.196165122256524
user_034,item_028,1,130.83182562306118
user_034,item_093,1,46.747851641487735
user_034,item_002,1,101.73508582040768
user_034,item_021,0,98.20277105922759
user_034,item_069,1,182.42649027324427
user_034,item_071,1,31.398880436579425
user_034,item_023,1,89.62192106553692
user_034,item_078,1,156.9265850561754
user_034,item_068,1,139.65315601540377
user_034,item_011,1,116.27408324959771
user_034,item_074,1,185.28140273967995
user_034,item_081,1,48.318441701280065
user_034,item_025,0,74.52268672351823
user_034,item_095,1,302.36984908159997
user_034,item_040,1,370.1824385904205
user_034,item_046,0,50.625039499951086
user_034,item_045,1,164.6958093736479
user_034,item_010,1,62.107549666704394
user_034,item_005,1,107.24954494159297
user_034,item_032,1,109.1578459544232
user_034,item_051,1,101.10692856677794
user_034,item_037,0,190.21059523692756
user_034,item_024,0,40.84833750764633
user_034,item_008,1,412.3373698633317
user_034,item_070,1,48.31116779774206
user_034,item_034,1,41.758116821278435
user_034,item_061,1,47.897445061097116
user_034,item_086,1,61.025130986538315
user_034,item_097,1,323.85665895269614
user_034,item_062,1,116.43085196531996
user_035,item_088,0,88.94171124978156
user_035,item_010,0,89.60653002053189
user_035,item_042,0,92.98061239418105
user_035,item_080,0,28.881876756845543
user_035,item_084,0,86.63479252454428
user_035,item_025,0,74.12078153397907
user_035,item_066,0,92.21276882439943
user_035,item_067,0,39.529518102498294
user_035,item_068,1,88.60509180184157
user_035,item_032,0,63.44775827701702
user_035,item_020,1,106.99594692586398
user_035,item_059,0,97.85620989642845
user_035,item_007,0,36.64611009062952
user_035,item_061,0,30.47551906780424
user_035,item_060,0,45.92455335110684
user_035,item_040,0,87.67658401962247
user_035,item_045,1,40.25775136829503
user_035,item_012,0,74.96315827591907
user_035,item_039,0,189.02001661986253
user_035,item_094,0,119.46712602376958
user_035,item_015,1,46.191344072363265
user_035,item_096,0,101.56561332744691
user_035,item_083,0,13.078681203462107
user_035,item_018,1,95.6061974357641
user_035,item_044,0,92.81253688630188
user_035,item_026,0,182.48167887120871
user_035,item_089,0,68.41712919876981
user_035,item_028,1,96.95698503090887
user_035,item_002,0,85.20163063323629
user_035,item_031,0,79.46858101099144
user_036,item_066,0,55.98079533709067
user_036,item_071,0,16.126208993171137
user_036,item_099,1,17.204693033108203
user_036,item_035,0,65.78698848744914
user_036,item_085,1,117.46955893192779
user_036,item_055,0,20.285351746424976
user_036,item_007,0,51.42829977170338
user_036,item_048,1,15.757728047499226
user_036,item_080,0,23.57535151881907
user_036,item_016,0,7.853038048126416
user_036,item_073,1,41.74181871474069
user_036,item_039,1,17.887622463880643
user_036,item_013,1,71.96972509472859
user_036,item_061,0,31.455457787930516
user_036,item_051,1,155.29972458792818
user_036,item_062,1,71.03785063218369
user_036,item_092,0,33.1140033261889
user_036,item_011,1,63.83803388386051
user_036,item_059,0,18.95264085817865
user_036,item_095,1,45.04366593944906
user_036,item_064,1,7.347014562168261
user_036,item_029,0,45.000792604555066
user_036,item_074,0,19.597220517391843
user_036,item_005,0,47.955186046069755
user_036,item_083,0,24.945508619662604
user_036,item_024,0,20.883719615385353
user_036,item_079,1,8.953770846499916
user_036,item_077,0,52.54321781352892
user_036,item_072,0,19.687379701263342
user_036,item_056,1,24.375061357181206
user_037,item_035,0,143.00019381760848
user_037,item_095,0,194.71863085091138
user_037,item_029,0,25.420401914424396
user_037,item_008,1,373.89735980002524
user_037,item_013,0,30.614461629244385
user_037,item_047,0,396.28752975589066
user_037,item_026,0,108.18850526500941
user_037,item_039,0,30.361963301315264
user_037,item_062,0,93.42874548476843
user_037,item_016,0,21.017152048699195
user_037,item_028,0,40.83216154839968
user_037,item_049,0,25.723244604933534
user_037,item_007,0,6.922860224417901
user_037,item_098,0,192.35383556526966
user_037,item_024,0,28.718295151657294
user_037,item_030,0,172.4165661582984
user_037,item_094,0,58.00374788937943
user_037,item_037,0,79.11459849800164
user_037,item_018,0,95.35902791731822
user_037,item_043,1,25.74992308180209
user_037,item_068,0,19.220801669245695
user_037,item_088,0,96.33403956210168
user_037,item_072,0,15.2682160717924
user_037,item_078,0,107.76272131561609
user_037,item_096,0,219.74526444620358
user_037,item_059,0,30.958832091536053
user_037,item_051,1,133.64525276575264
user_037,item_087,0,34.54980906808648
user_037,item_020,0,196.63774834533876
user_037,item_048,0,20.861078967193745
user_038,item_015,0,41.138737452409124
user_038,item_047,1,691.7118057553804
user_038,item_037,0,101.18241327326413
user_038,item_016,0,117.6260422785659
user_038,item_003,0,25.135489896043477
user_038,item_080,0,135.29761608032828
user_038,item_088,0,493.45982638885175
user_038,item_013,0,32.13623302225443
user_038,item_092,0,184.43718369893958
user_038,item_022,0,112.14625187330148
user_038,item_078,1,64.65865344580685
user_038,item_000,0,41.969457702803304
user_038,item_027,0,139.31314417568166
user_038,item_098,0,372.6453530466476
user_038,item_074,0,53.3099951842064
user_038,item_051,1,142.66277921733186
user_038,item_083,1,23.286527902943597
user_038,item_070,0,64.06972159324494
user_038,item_048,0,27.067303478280795
user_038,item_095,0,59.38681004481027
user_038,item_091,0,95.03709498255789
user_038,item_081,1,15.223550647178238
user_038,item_004,0,42.02527072404319
user_038,item_026,0,208.82411559690382
user_038,item_096,0,121.12010305088039
user_038,item_019,0,58.9301578091172
user_038,item_018,0,158.66116599003985
user_038,item_073,0,131.11469217685692
user_038,item_014,1,33.49329386954963
user_038,item_058,0,104.65193333765893
user_039,item_009,0,15.605152129365607
user_039,item_040,1,77.1965572061189
user_039,item_036,0,91.81784012427251
user_039,item_033,0,25.631446275396854
user_039,item_056,0,51.87152740171479
user_039,item_077,0,23.68845991780302
user_039,item_046,1,30.02477225461193
user_039,item_000,1,60.552358032263456
user_039,item_019,0,18.107045408506508
user_039,item_086,1,56.921821712733056
user_039,item_060,1,20.473461568702906
user_039,item_015,0,29.638999078376347
user_039,item_092,1,46.38190993063061
user_039,item_091,0,40.015459470126
user_039,item_012,0,39.358662736484405
user_039,item_003,0,35.845927817597435
user_039,item_069,1,72.5136136483094
user_039,item_076,0,114.2477197383405
user_039,item_084,1,38.64712829977981
user_039,item_067,0,26.407874598184303
user_039,item_071,0,9.32514709415944
user_039,item_062,1,63.30754785172026
user_039,item_007,0,7.889891963480187
user_039,item_096,0,68.72976862003313
user_039,item_074,1,40.25500349824421
user_039,item_055,0,35.862644037058544
user_039,item_053,0,72.68942545272766
user_039,item_018,0,40.42923036826233
user_039,item_049,0,19.514334133609548
user_039,item_013,0,28.58723184564785
user_040,item_063,0,30.63980603385261
user_040,item_081,1,83.28779169651487
user_040,item_012,1,75.50875969199939
user_040,item_059,1,56.27763427416699
user_040,item_061,1,129.45822653823322
user_040,item_032,0,71.60423159714085
user_040,item_078,1,37.26280252335053
user_040,item_066,1,65.09825166101912
user_040,item_058,0,80.87962136289049
user_040,item_029,1,70.3229710358723
user_040,item_047,1,164.36710520895443
user_040,item_001,0,21.26004536212855
user_040,item_043,1,12.943382581610459
user_040,item_004,0,48.84856481757306
user_040,item_075,1,129.6224589023554
user_040,item_022,0,107.46942647246637
user_040,item_057,1,110.7069863633633
user_040,item_082,1,118.91459901907118
user_040,item_027,1,130.85488470524461
user_040,item_003,0,16.46995810631247
user_040,item_068,1,47.78426127458188
user_040,item_092,1,76.44222885956968
user_040,item_056,1,69.03799459125486
user_040,item_038,1,99.12522433351553
user_040,item_091,1,57.242115936347936
user_040,item_070,1,19.855162547303287
user_040,item_080,1,41.44178239392627
user_040,item_018,1,88.85954350248785
user_040,item_048,1,33.833051907697396
user_040,item_009,0,10.002327086183065
user_041,item_067,0,25.285367946907755
user_041,item_016,0,39.281438777176625
user_041,item_035,0,95.4045896302253
user_041,item_030,0,46.672730102034194
user_041,item_082,0,42.43998196283077
user_041,item_073,1,36.46908690676573
user_041,item_074,1,40.55793822155116
user_041,item_037,0,75.26452701650119
user_041,item_042,0,31.411269411896118
user_041,item_000,0,35.06030710138306
user_041,item_063,0,18.494436991398338
user_041,item_080,0,68.52816087855828
user_041,item_028,1,19.980001799561812
user_041,item_059,1,10.538999986440276
user_041,item_084,1,101.53357478641506
user_041,item_012,1,44.628974141874
user_041,item_099,0,10.002311735369242
user_041,item_090,0,62.70814718831184
user_041,item_098,0,249.79601630914127
user_041,item_005,1,129.44821893827915
user_041,item_011,1,59.30121111306053
user_041,item_001,0,68.82443354607281
user_041,item_031,0,19.786883511801637
user_041,item_065,1,54.27225490802756
user_041,item_053,1,79.36513784549949
user_041,item_079,1,71.52944002421762
user_041,item_086,1,24.947897371444895
user_041,item_002,1,28.35524774063555
user_041,item_021,1,62.049450903060475
user_041,item_078,1,17.520094492005434
user_042,item_025,0,49.03829071498496
user_042,item_062,1,124.7065711439279
user_042,item_050,1,108.64150318376944
user_042,item_096,0,221.87334632065662
user_042,item_071,0,34.11777638397103
user_042,item_040,1,61.49169081922713
user_042,item_077,0,69.66649162694489
user_042,item_010,0,115.37387249366665
user_042,item_060,1,24.381728789908774
user_042,item_000,1,97.34258758480448
user_042,item_048,1,55.9445008343576
user_042,item_091,0,250.49453915090675
user_042,item_065,1,98.32079529227163
user_042,item_049,0,20.550459930846934
user_042,item_029,0,34.278156503912484
user_042,item_003,0,40.040399339112206
user_042,item_008,1,213.03874619557408
user_042,item_085,1,619.7205907435418
user_042,item_005,1,205.471635767871
user_042,item_068,0,30.365902511816362
user_042,item_018,1,70.33059544362459
user_042,item_080,0,79.06356686449506
user_042,item_073,0,109.3608889763163
user_042,item_015,0,67.18623040165643
user_042,item_069,0,114.06682086188445
user_042,item_017,1,169.27670388813834
user_042,item_033,0,38.56819972218081
user_042,item_081,1,64.11259966536875
user_042,item_028,1,74.7656144852712
user_042,item_009,0,8.062603539838
user_043,item_082,0,50.702952376549625
user_043,item_046,0,25.340577131442014
user_043,item_060,1,65.87428328731865
user_043,item_041,0,30.45086959097993
user_043,item_051,1,263.5021372655091
user_043,item_002,1,25.08154979923819
user_043,item_019,1,46.50363901012654
user_043,item_040,1,124.2935524621914
user_043,item_084,1,160.00154275644152
user_043,item_021,0,89.9456820837747
user_043,item_013,1,44.384250416270724
user_043,item_017,1,93.00265810314974
user_043,item_029,1,63.03429636756014
user_043,item_068,1,90.59632221135531
user_043,item_094,0,81.55449898214219
user_043,item_026,0,159.44610359420275
user_043,item_039,1,74.63321916515915
user_043,item_075,0,193.70595484228969
user_043,item_091,1,27.641636818218387
user_043,item_008,0,655.3276491695844
user_043,item_027,0,150.55139806659733
user_043,item_004,0,72.61875192575513
user_043,item_099,0,23.636740727271956
user_043,item_031,1,60.09974027770398
user_043,item_055,1,20.570609869441533
user_043,item_032,0,137.3723708506308
user_043,item_050,0,121.89116383562057
user_043,item_057,1,44.23519776035947
user_043,item_063,0,79.29907745517525
user_043,item_053,0,115.72249104309344
user_044,item_028,1,88.61023235054867
user_044,item_047,1,125.22940007647571
user_044,item_016,0,58.15817953095673
user_044,item_034,0,32.52906209812955
user_044,item_045,1,161.3439439491645
user_044,item_071,1,39.73664827105059
user_044,item_026,0,162.8865665103087
user_044,item_008,0,154.47346412035182
user_044,item_074,1,70.26415115324265
user_044,item_027,0,42.535939146997336
user_044,item_024,0,93.66340204949253
user_044,item_077,0,77.41870315081817
user_044,item_064,1,50.42650200287807
user_044,item_093,0,21.92026347868895
user_044,item_005,0,74.81483452703658
user_044,item_007,0,22.666585480139258
user_044,item_094,0,110.23179154173404
user_044,item_015,1,30.822014752330755
user_044,item_087,0,237.71497511825112
user_044,item_061,0,25.050646785454102
user_044,item_043,0,54.699207291022574
user_044,item_031,0,82.14897412415534
user_044,item_013,0,24.67194362692862
user_044,item_088,0,92.06860488955326
user_044,item_048,0,32.42169008935638
user_044,item_052,0,67.53944249003476
user_044,item_084,0,45.004874063111295
user_044,item_091,0,47.3455778211535
user_044,item_021,0,156.7463613122474
user_044,item_096,0,193.49737938653627
user_045,item_092,0,166.37863878616477
user_045,item_073,0,72.41652117688295
user_045,item_011,1,115.35639278531713
user_045,item_042,0,341.5018080245235
user_045,item_082,1,223.87346096823114
user_045,item_053,0,189.8115752263007
user_045,item_006,1,793.2027021040178
user_045,item_026,0,96.86593174662262
user_045,item_021,0,74.60776013834538
user_045,item_002,0,40.391334765561155
user_045,item_018,1,158.98329786115994
user_045,item_029,1,134.3287745355811
user_045,item_023,1,92.75226596437899
user_045,item_081,0,134.6135302717443
user_045,item_065,0,53.53449189392778
user_045,item_096,0,423.4425246208538
user_045,item_024,0,76.38175926928406
user_045,item_001,0,73.48863551841374
user_045,item_084,1,79.95524397711972
user_045,item_046,0,104.82734101699344
user_045,item_051,1,164.32099241497414
user_045,item_037,0,167.46547132357466
user_045,item_055,0,38.83175727081567
user_045,item_005,1,266.07007924470787
user_045,item_056,0,90.67159082543814
user_045,item_017,1,124.19899087935747
user_045,item_039,0,183.37772520498143
user_045,item_068,0,74.39501220935324
user_045,item_083,0,94.81486362481638
user_045,item_052,0,185.1199423124687
user_046,item_048,1,28.57888727333757
user_046,item_033,0,46.306685773049104
user_046,item_022,0,229.50492923432307
user_046,item_006,0,277.3396460098919
user_046,item_098,1,215.60347673078653
user_046,item_068,1,18.58910319002002
user_046,item_079,1,22.240083174571996
user_046,item_017,1,260.3201228454363
user_046,item_005,1,68.23888920206313
user_046,item_044,0,18.56622629792466
user_046,item_050,1,92.34813936547508
user_046,item_086,1,77.7330281122769
user_046,item_030,0,254.25146132945866
user_046,item_004,0,30.70991581627003
user_046,item_097,0,59.948227053899785
user_046,item_076,0,30.150552721135117
user_046,item_028,0,66.49999324560476
user_046,item_056,0,27.69018161408414
user_046,item_089,1,21.534953253458077
user_046,item_072,0,57.63695483190789
user_046,item_060,0,28.25210874546332
user_046,item_096,0,107.09043074009476
user_046,item_040,1,97.47950189187667
user_046,item_095,1,39.69759575743086
user_046,item_015,1,46.18545107645887
user_046,item_035,0,74.15145525855054
user_046,item_070,0,9.958579206494818
user_046,item_064,1,54.63430071016792
user_046,item_045,1,110.73662520541279
user_046,item_087,1,33.225368791576535
user_047,item_044,0,48.11143870755359
user_047,item_096,0,57.02585299589575
user_047,item_002,1,44.85185510940453
user_047,item_035,0,105.59076954057781
user_047,item_040,1,59.118447059711016
user_047,item_037,1,153.0907712388784
user_047,item_079,1,15.46622476546003
user_047,item_059,0,50.53783141595154
user_047,item_006,1,209.14452285928866
user_047,item_005,1,162.82574226499955
user_047,item_095,1,70.0196286577767
user_047,item_075,1,106.06506608453871
user_047,item_030,0,140.8697636242128
user_047,item_091,1,74.22843277168289
user_047,item_090,0,88.17732796265003
user_047,item_050,1,175.3712118493483
user_047,item_038,1,102.07770206190465
user_047,item_055,1,24.463107829098547
user_047,item_086,1,44.23978264712764
user_047,item_047,1,419.3016370351027
user_047,item_029,1,28.701222968422503
user_047,item_021,1,87.99259501237773
user_047,item_088,1,95.16741219037013
user_047,item_039,1,183.4183576686038
user_047,item_056,1,84.00674979746157
user_047,item_052,1,50.41744907303568
user_047,item_077,0,9.913647904728794
user_047,item_060,1,24.504788191493827
user_047,item_012,1,72.44904177377747
user_047,item_053,1,60.41781819694436
user_048,item_089,1,16.035552161592836
user_048,item_064,1,32.242418510202015
user_048,item_015,0,34.33916235597694
user_048,item_039,0,59.50656053072322
user_048,item_051,0,92.01306677240512
user_048,item_011,0,105.66106322212057
user_048,item_098,1,222.79850989555342
user_048,item_087,1,77.89344051629507
user_048,item_080,0,23.825667640317754
user_048,item_094,1,46.15919470693502
user_048,item_031,0,28.908507311357614
user_048,item_083,1,8.441193781250261
user_048,item_097,1,123.43756206899654
user_048,item_041,1,50.19595132758761
user_048,item_077,0,39.64407774153176
user_048,item_062,1,108.39818112981426
user_048,item_056,0,110.46919080692128
user_048,item_032,1,223.65589710962746
user_048,item_003,0,21.462799250481403
user_048,item_054,1,70.02840101199489
user_048,item_008,1,317.85372398531393
user_048,item_021,0,67.72232697829698
user_048,item_088,1,50.763369820384646
user_048,item_034,0,45.15298971027561
user_048,item_099,1,9.476511744569262
user_048,item_052,1,80.80839163553608
user_048,item_086,1,21.807302468941984
user_048,item_079,0,18.901875023528984
user_048,item_063,1,56.24604652957855
user_048,item_065,1,47.192098086286016
user_049,item_013,1,19.96985289370741
user_049,item_080,0,52.97734067284407
user_049,item_058,0,76.70587171500078
user_049,item_081,1,88.66117924038873
user_049,item_061,0,35.22434634329386
user_049,item_002,0,28.10367932084079
user_049,item_066,0,80.92813512339936
user_049,item_028,1,119.29966169609214
user_049,item_043,1,31.867507995618578
user_049,item_039,0,94.10144396112447
user_049,item_038,0,67.3120497321527
user_049,item_069,0,152.1915027093378
user_049,item_009,0,15.406593738295648
user_049,item_070,0,10.596747656523497
user_049,item_096,0,281.0990025082832
user_049,item_017,0,92.23891581560652
user_049,item_062,0,53.88829098379351
user_049,item_012,1,57.93899089050246
user_049,item_008,0,459.3839594832171
user_049,item_005,0,63.92457746563778
user_049,item_007,0,7.502633435588236
user_049,item_067,0,31.585700951651592
user_049,item_001,0,70.72668655437886
user_049,item_004,0,124.2284920392044
user_049,item_089,0,33.54757682917697
user_049,item_098,1,254.65987613162315
user_049,item_074,0,56.681741417980106
user_049,item_000,0,50.78910541232557
user_049,item_027,0,72.80751876630333
user_049,item_092,1,73.67000288379101
